Iteracao,Populacao,NumGeracoes,TaxaDeCruzamento,ProbMutacao,Individuo,Valordistancia
0,50,50,1.0,0.1,"[1, 4, 7, 11, 2, 6, 9, 0, 13, 5, 3, 8, 14, 12, 10]",552
0,50,50,1.0,0.1,"[1, 4, 7, 11, 2, 6, 9, 0, 13, 5, 3, 8, 14, 12, 10]",552
0,50,50,1.0,0.1,"[1, 4, 7, 11, 2, 6, 9, 0, 13, 5, 3, 8, 14, 12, 10]",552
0,50,50,1.0,0.1,"[6, 8, 13, 1, 10, 7, 14, 4, 2, 11, 5, 3, 0, 12, 9]",524
0,50,50,1.0,0.1,"[6, 8, 13, 1, 10, 7, 14, 4, 2, 11, 5, 3, 0, 12, 9]",524
0,50,50,1.0,0.1,"[6, 8, 13, 1, 10, 7, 14, 4, 2, 11, 5, 3, 0, 12, 9]",524
0,50,50,1.0,0.1,"[11, 2, 3, 10, 9, 8, 4, 1, 0, 12, 14, 7, 5, 6, 13]",506
0,50,50,1.0,0.1,"[13, 7, 12, 1, 8, 4, 14, 10, 0, 9, 11, 6, 2, 5, 3]",481
0,50,50,1.0,0.1,"[13, 7, 12, 1, 8, 4, 14, 10, 0, 9, 11, 6, 2, 5, 3]",481
0,50,50,1.0,0.1,"[13, 7, 12, 1, 8, 4, 14, 10, 0, 9, 11, 6, 2, 5, 3]",481
0,50,50,1.0,0.1,"[13, 7, 12, 1, 8, 4, 14, 10, 0, 9, 11, 6, 2, 5, 3]",481
0,50,50,1.0,0.1,"[13, 7, 12, 1, 8, 4, 14, 10, 0, 9, 11, 6, 2, 5, 3]",481
0,50,50,1.0,0.1,"[13, 7, 12, 1, 8, 4, 14, 10, 0, 9, 11, 6, 2, 5, 3]",481
0,50,50,1.0,0.1,"[13, 7, 12, 1, 8, 4, 14, 10, 0, 9, 11, 6, 2, 5, 3]",481
0,50,50,1.0,0.1,"[13, 7, 12, 1, 8, 4, 14, 10, 0, 9, 11, 6, 2, 5, 3]",481
0,50,50,1.0,0.1,"[13, 7, 12, 1, 8, 4, 14, 10, 0, 9, 11, 6, 2, 5, 3]",481
0,50,50,1.0,0.1,"[13, 7, 12, 1, 8, 4, 14, 10, 0, 9, 11, 6, 2, 5, 3]",481
0,50,50,1.0,0.1,"[10, 14, 0, 1, 7, 9, 2, 11, 6, 4, 8, 12, 13, 5, 3]",461
0,50,50,1.0,0.1,"[10, 14, 0, 1, 7, 9, 2, 11, 6, 4, 8, 12, 13, 5, 3]",461
0,50,50,1.0,0.1,"[10, 14, 0, 1, 7, 9, 2, 11, 6, 4, 8, 12, 13, 5, 3]",461
0,50,50,1.0,0.1,"[1, 14, 8, 12, 0, 9, 2, 4, 6, 11, 13, 5, 7, 3, 10]",430
0,50,50,1.0,0.1,"[1, 14, 8, 12, 0, 9, 2, 4, 6, 11, 13, 5, 7, 3, 10]",430
0,50,50,1.0,0.1,"[1, 14, 8, 12, 0, 9, 2, 4, 6, 11, 13, 5, 7, 3, 10]",430
0,50,50,1.0,0.1,"[1, 14, 8, 12, 0, 9, 2, 4, 6, 11, 13, 5, 7, 3, 10]",430
0,50,50,1.0,0.1,"[1, 14, 8, 12, 0, 9, 2, 4, 6, 11, 13, 5, 7, 3, 10]",430
0,50,50,1.0,0.1,"[1, 14, 8, 12, 0, 9, 2, 4, 6, 11, 13, 5, 7, 3, 10]",430
0,50,50,1.0,0.1,"[1, 14, 8, 12, 0, 9, 2, 4, 6, 11, 13, 5, 7, 3, 10]",430
0,50,50,1.0,0.1,"[1, 14, 8, 12, 0, 9, 2, 4, 6, 11, 13, 5, 7, 3, 10]",430
0,50,50,1.0,0.1,"[1, 14, 8, 12, 0, 9, 2, 4, 6, 11, 13, 5, 7, 3, 10]",430
0,50,50,1.0,0.1,"[1, 14, 8, 12, 0, 9, 2, 4, 6, 11, 13, 5, 7, 3, 10]",430
0,50,50,1.0,0.1,"[1, 14, 8, 12, 0, 9, 2, 4, 6, 11, 13, 5, 7, 3, 10]",430
0,50,50,1.0,0.1,"[1, 14, 8, 12, 0, 9, 2, 4, 6, 11, 13, 5, 7, 3, 10]",430
0,50,50,1.0,0.1,"[1, 14, 8, 12, 0, 9, 2, 4, 6, 11, 13, 5, 7, 3, 10]",430
0,50,50,1.0,0.1,"[1, 14, 8, 12, 0, 9, 2, 4, 6, 11, 13, 5, 7, 3, 10]",430
0,50,50,1.0,0.1,"[1, 14, 8, 12, 0, 9, 2, 4, 6, 11, 13, 5, 7, 3, 10]",430
0,50,50,1.0,0.1,"[1, 14, 8, 12, 0, 9, 2, 4, 6, 11, 13, 5, 7, 3, 10]",430
0,50,50,1.0,0.1,"[1, 14, 8, 12, 0, 9, 2, 4, 6, 11, 13, 5, 7, 3, 10]",430
0,50,50,1.0,0.1,"[1, 14, 8, 12, 0, 9, 2, 4, 6, 11, 13, 5, 7, 3, 10]",430
0,50,50,1.0,0.1,"[1, 14, 8, 12, 0, 9, 2, 4, 6, 11, 13, 5, 7, 3, 10]",430
0,50,50,1.0,0.1,"[1, 14, 8, 12, 0, 9, 2, 4, 6, 11, 13, 5, 7, 3, 10]",430
0,50,50,1.0,0.1,"[1, 14, 8, 12, 0, 9, 2, 4, 6, 11, 13, 5, 7, 3, 10]",430
0,50,50,1.0,0.1,"[1, 14, 8, 12, 0, 9, 2, 4, 6, 11, 13, 5, 7, 3, 10]",430
0,50,50,1.0,0.1,"[1, 14, 8, 12, 0, 9, 2, 4, 6, 11, 13, 5, 7, 3, 10]",430
0,50,50,1.0,0.1,"[1, 14, 8, 12, 0, 9, 2, 4, 6, 11, 13, 5, 7, 3, 10]",430
0,50,50,1.0,0.1,"[1, 14, 8, 12, 0, 9, 2, 4, 6, 11, 13, 5, 7, 3, 10]",430
0,50,50,1.0,0.1,"[1, 14, 8, 12, 0, 9, 2, 4, 6, 11, 13, 5, 7, 3, 10]",430
0,50,50,1.0,0.1,"[1, 14, 8, 12, 0, 9, 2, 4, 6, 11, 13, 5, 7, 3, 10]",430
0,50,50,1.0,0.1,"[1, 14, 8, 12, 0, 9, 2, 4, 6, 11, 13, 5, 7, 3, 10]",430
0,50,50,1.0,0.1,"[1, 14, 8, 12, 0, 9, 2, 4, 6, 11, 13, 5, 7, 3, 10]",430
0,50,50,1.0,0.1,"[1, 14, 8, 12, 0, 9, 2, 4, 6, 11, 13, 5, 7, 3, 10]",430
0,100,100,1.0,0.1,"[6, 8, 13, 5, 11, 2, 9, 1, 0, 10, 3, 12, 4, 14, 7]",499
0,100,100,1.0,0.1,"[6, 8, 13, 5, 11, 2, 9, 1, 0, 10, 3, 12, 4, 14, 7]",499
0,100,100,1.0,0.1,"[6, 8, 13, 5, 11, 2, 9, 1, 0, 10, 3, 12, 4, 14, 7]",499
0,100,100,1.0,0.1,"[8, 13, 5, 11, 2, 9, 7, 1, 0, 10, 3, 12, 4, 14, 6]",460
0,100,100,1.0,0.1,"[8, 13, 5, 11, 2, 9, 7, 1, 0, 10, 3, 12, 4, 14, 6]",460
0,100,100,1.0,0.1,"[8, 13, 5, 11, 2, 9, 7, 1, 0, 10, 3, 12, 4, 14, 6]",460
0,100,100,1.0,0.1,"[8, 13, 5, 11, 2, 9, 7, 1, 0, 10, 3, 12, 4, 14, 6]",460
0,100,100,1.0,0.1,"[8, 13, 5, 11, 2, 9, 7, 1, 0, 10, 3, 12, 4, 14, 6]",460
0,100,100,1.0,0.1,"[8, 4, 14, 13, 5, 9, 7, 1, 0, 10, 3, 12, 11, 2, 6]",459
0,100,100,1.0,0.1,"[8, 4, 14, 13, 5, 9, 7, 1, 0, 10, 3, 12, 11, 2, 6]",459
0,100,100,1.0,0.1,"[8, 4, 14, 13, 5, 9, 7, 1, 0, 10, 3, 12, 11, 2, 6]",459
0,100,100,1.0,0.1,"[8, 4, 14, 13, 5, 9, 7, 1, 0, 10, 3, 12, 11, 2, 6]",459
0,100,100,1.0,0.1,"[8, 4, 14, 13, 5, 9, 7, 1, 0, 10, 3, 12, 11, 2, 6]",459
0,100,100,1.0,0.1,"[8, 4, 14, 13, 5, 9, 7, 1, 0, 10, 3, 12, 11, 2, 6]",459
0,100,100,1.0,0.1,"[8, 14, 13, 5, 9, 7, 1, 0, 10, 3, 12, 11, 2, 6, 4]",447
0,100,100,1.0,0.1,"[8, 14, 13, 5, 9, 7, 1, 0, 10, 3, 12, 11, 2, 6, 4]",447
0,100,100,1.0,0.1,"[8, 14, 13, 5, 9, 7, 1, 0, 10, 3, 12, 11, 2, 6, 4]",447
0,100,100,1.0,0.1,"[8, 14, 13, 5, 9, 7, 1, 0, 10, 3, 12, 11, 2, 6, 4]",447
0,100,100,1.0,0.1,"[8, 14, 13, 5, 9, 7, 1, 0, 10, 3, 12, 11, 2, 6, 4]",447
0,100,100,1.0,0.1,"[8, 14, 13, 5, 9, 7, 1, 0, 10, 3, 12, 11, 2, 6, 4]",447
0,100,100,1.0,0.1,"[8, 14, 13, 5, 9, 7, 1, 0, 10, 3, 12, 11, 2, 6, 4]",447
0,100,100,1.0,0.1,"[8, 14, 13, 5, 9, 7, 1, 0, 10, 3, 12, 11, 2, 6, 4]",447
0,100,100,1.0,0.1,"[8, 14, 13, 5, 9, 7, 1, 0, 10, 3, 12, 11, 2, 6, 4]",447
0,100,100,1.0,0.1,"[8, 14, 13, 5, 9, 7, 1, 0, 10, 3, 12, 11, 2, 6, 4]",447
0,100,100,1.0,0.1,"[8, 14, 13, 5, 9, 7, 1, 0, 10, 3, 12, 11, 2, 6, 4]",447
0,100,100,1.0,0.1,"[8, 14, 13, 5, 9, 7, 1, 0, 10, 3, 12, 11, 2, 6, 4]",447
0,100,100,1.0,0.1,"[8, 14, 13, 5, 9, 7, 1, 0, 10, 3, 12, 11, 2, 6, 4]",447
0,100,100,1.0,0.1,"[8, 14, 13, 5, 9, 7, 1, 0, 10, 3, 12, 11, 2, 6, 4]",447
0,100,100,1.0,0.1,"[8, 14, 13, 5, 9, 7, 1, 0, 10, 3, 12, 11, 2, 6, 4]",447
0,100,100,1.0,0.1,"[8, 14, 13, 5, 9, 7, 1, 0, 10, 3, 12, 11, 2, 6, 4]",447
0,100,100,1.0,0.1,"[8, 14, 13, 5, 9, 7, 1, 0, 10, 3, 12, 11, 2, 6, 4]",447
0,100,100,1.0,0.1,"[8, 14, 13, 5, 9, 7, 1, 0, 10, 3, 12, 11, 2, 6, 4]",447
0,100,100,1.0,0.1,"[8, 14, 13, 5, 9, 7, 1, 0, 10, 3, 12, 11, 2, 6, 4]",447
0,100,100,1.0,0.1,"[8, 14, 13, 5, 9, 7, 1, 0, 10, 3, 12, 11, 2, 6, 4]",447
0,100,100,1.0,0.1,"[8, 14, 13, 5, 9, 7, 1, 0, 10, 3, 12, 11, 2, 6, 4]",447
0,100,100,1.0,0.1,"[13, 5, 9, 7, 12, 14, 1, 0, 10, 3, 11, 2, 6, 4, 8]",421
0,100,100,1.0,0.1,"[13, 5, 9, 7, 12, 14, 1, 0, 10, 3, 11, 2, 6, 4, 8]",421
0,100,100,1.0,0.1,"[13, 5, 9, 7, 12, 14, 1, 0, 10, 3, 11, 2, 6, 4, 8]",421
0,100,100,1.0,0.1,"[13, 5, 9, 7, 12, 14, 1, 0, 10, 3, 11, 2, 6, 4, 8]",421
0,100,100,1.0,0.1,"[13, 5, 9, 7, 12, 14, 1, 0, 10, 3, 11, 2, 6, 4, 8]",421
0,100,100,1.0,0.1,"[13, 5, 9, 7, 12, 14, 1, 0, 10, 3, 11, 2, 6, 4, 8]",421
0,100,100,1.0,0.1,"[13, 5, 9, 7, 12, 14, 1, 0, 10, 3, 11, 2, 6, 4, 8]",421
0,100,100,1.0,0.1,"[13, 5, 9, 7, 12, 14, 1, 0, 10, 3, 11, 2, 6, 4, 8]",421
0,100,100,1.0,0.1,"[13, 5, 9, 7, 12, 14, 1, 0, 10, 3, 11, 2, 6, 4, 8]",421
0,100,100,1.0,0.1,"[13, 5, 9, 7, 12, 14, 1, 0, 10, 3, 11, 2, 6, 4, 8]",421
0,100,100,1.0,0.1,"[13, 5, 9, 7, 12, 14, 1, 0, 10, 3, 11, 2, 6, 4, 8]",421
0,100,100,1.0,0.1,"[13, 5, 9, 7, 12, 14, 1, 0, 10, 3, 11, 2, 6, 4, 8]",421
0,100,100,1.0,0.1,"[13, 5, 9, 7, 12, 14, 1, 0, 10, 3, 11, 2, 6, 4, 8]",421
0,100,100,1.0,0.1,"[13, 5, 9, 7, 12, 14, 1, 0, 10, 3, 11, 2, 6, 4, 8]",421
0,100,100,1.0,0.1,"[13, 5, 9, 7, 12, 14, 1, 0, 10, 3, 11, 2, 6, 4, 8]",421
0,100,100,1.0,0.1,"[13, 5, 9, 7, 12, 14, 1, 0, 10, 3, 11, 2, 6, 4, 8]",421
0,100,100,1.0,0.1,"[13, 5, 9, 7, 12, 14, 1, 0, 10, 3, 11, 2, 6, 4, 8]",421
0,100,100,1.0,0.1,"[13, 5, 9, 7, 12, 14, 1, 0, 10, 3, 11, 2, 6, 4, 8]",421
0,100,100,1.0,0.1,"[13, 5, 9, 7, 12, 14, 1, 0, 10, 3, 11, 2, 6, 4, 8]",421
0,100,100,1.0,0.1,"[13, 5, 9, 7, 12, 14, 1, 0, 10, 3, 11, 2, 6, 4, 8]",421
0,100,100,1.0,0.1,"[13, 5, 9, 7, 12, 14, 1, 0, 10, 3, 11, 2, 6, 4, 8]",421
0,100,100,1.0,0.1,"[13, 5, 9, 7, 12, 14, 1, 0, 10, 3, 11, 2, 6, 4, 8]",421
0,100,100,1.0,0.1,"[13, 5, 9, 7, 12, 14, 1, 0, 10, 3, 11, 2, 6, 4, 8]",421
0,100,100,1.0,0.1,"[13, 5, 9, 7, 12, 14, 1, 0, 10, 3, 11, 2, 6, 4, 8]",421
0,100,100,1.0,0.1,"[13, 5, 9, 7, 12, 14, 1, 0, 10, 3, 11, 2, 6, 4, 8]",421
0,100,100,1.0,0.1,"[13, 5, 9, 7, 12, 14, 1, 0, 10, 3, 11, 2, 6, 4, 8]",421
0,100,100,1.0,0.1,"[13, 5, 9, 7, 12, 14, 1, 0, 10, 3, 11, 2, 6, 4, 8]",421
0,100,100,1.0,0.1,"[13, 5, 9, 7, 12, 14, 1, 0, 10, 3, 11, 2, 6, 4, 8]",421
0,100,100,1.0,0.1,"[13, 5, 9, 7, 12, 14, 1, 0, 10, 3, 11, 2, 6, 4, 8]",421
0,100,100,1.0,0.1,"[13, 5, 9, 7, 12, 14, 1, 0, 10, 3, 11, 2, 6, 4, 8]",421
0,100,100,1.0,0.1,"[13, 5, 9, 7, 12, 14, 1, 0, 10, 3, 11, 2, 6, 4, 8]",421
0,100,100,1.0,0.1,"[13, 5, 9, 7, 12, 14, 1, 0, 10, 3, 11, 2, 6, 4, 8]",421
0,100,100,1.0,0.1,"[13, 5, 9, 7, 12, 14, 1, 0, 10, 3, 11, 2, 6, 4, 8]",421
0,100,100,1.0,0.1,"[13, 5, 9, 7, 12, 14, 1, 0, 10, 3, 11, 2, 6, 4, 8]",421
0,100,100,1.0,0.1,"[13, 5, 9, 7, 12, 14, 1, 0, 10, 3, 11, 2, 6, 4, 8]",421
0,100,100,1.0,0.1,"[13, 5, 9, 7, 12, 14, 1, 0, 10, 3, 11, 2, 6, 4, 8]",421
0,100,100,1.0,0.1,"[13, 5, 9, 7, 12, 14, 1, 0, 10, 3, 11, 2, 6, 4, 8]",421
0,100,100,1.0,0.1,"[13, 5, 9, 7, 12, 14, 1, 0, 10, 3, 11, 2, 6, 4, 8]",421
0,100,100,1.0,0.1,"[5, 9, 7, 12, 14, 1, 0, 10, 3, 11, 2, 6, 4, 8, 13]",421
0,100,100,1.0,0.1,"[5, 9, 7, 12, 14, 1, 0, 10, 3, 11, 2, 6, 4, 8, 13]",421
0,100,100,1.0,0.1,"[5, 9, 7, 12, 14, 1, 0, 10, 3, 11, 2, 6, 4, 8, 13]",421
0,100,100,1.0,0.1,"[5, 9, 7, 12, 14, 1, 0, 10, 3, 11, 2, 6, 4, 8, 13]",421
0,100,100,1.0,0.1,"[5, 9, 7, 12, 14, 1, 0, 10, 3, 11, 2, 6, 4, 8, 13]",421
0,100,100,1.0,0.1,"[5, 9, 7, 12, 14, 1, 0, 10, 3, 11, 2, 6, 4, 8, 13]",421
0,100,100,1.0,0.1,"[5, 9, 7, 12, 14, 1, 0, 10, 3, 11, 2, 6, 4, 8, 13]",421
0,100,100,1.0,0.1,"[5, 9, 7, 12, 14, 1, 0, 10, 3, 11, 2, 6, 4, 8, 13]",421
0,100,100,1.0,0.1,"[5, 9, 7, 12, 14, 1, 0, 10, 3, 11, 2, 6, 4, 8, 13]",421
0,100,100,1.0,0.1,"[5, 9, 7, 12, 14, 1, 0, 10, 3, 11, 2, 6, 4, 8, 13]",421
0,100,100,1.0,0.1,"[5, 9, 7, 12, 14, 1, 0, 10, 3, 11, 2, 6, 4, 8, 13]",421
0,100,100,1.0,0.1,"[5, 9, 7, 12, 14, 1, 0, 10, 3, 11, 2, 6, 4, 8, 13]",421
0,100,100,1.0,0.1,"[5, 9, 7, 12, 14, 1, 0, 10, 3, 11, 2, 6, 4, 8, 13]",421
0,100,100,1.0,0.1,"[5, 9, 7, 12, 14, 1, 0, 10, 3, 11, 2, 6, 4, 8, 13]",421
0,100,100,1.0,0.1,"[5, 9, 7, 12, 14, 1, 0, 10, 3, 11, 2, 6, 4, 8, 13]",421
0,100,100,1.0,0.1,"[5, 9, 7, 12, 14, 1, 0, 10, 3, 11, 2, 6, 4, 8, 13]",421
0,100,100,1.0,0.1,"[5, 9, 7, 12, 14, 1, 0, 10, 3, 11, 2, 6, 4, 8, 13]",421
0,100,100,1.0,0.1,"[5, 9, 7, 12, 14, 1, 0, 10, 3, 11, 2, 6, 4, 8, 13]",421
0,100,100,1.0,0.1,"[5, 9, 7, 12, 14, 1, 0, 10, 3, 11, 2, 6, 4, 8, 13]",421
0,100,100,1.0,0.1,"[5, 9, 7, 12, 14, 1, 0, 10, 3, 11, 2, 6, 4, 8, 13]",421
0,100,100,1.0,0.1,"[5, 9, 7, 12, 14, 1, 0, 10, 3, 11, 2, 6, 4, 8, 13]",421
0,100,100,1.0,0.1,"[5, 9, 7, 12, 14, 1, 0, 10, 3, 11, 2, 6, 4, 8, 13]",421
0,100,100,1.0,0.1,"[5, 9, 7, 12, 14, 1, 0, 10, 3, 11, 2, 6, 4, 8, 13]",421
0,100,100,1.0,0.1,"[5, 9, 7, 12, 14, 1, 0, 10, 3, 11, 2, 6, 4, 8, 13]",421
0,100,100,1.0,0.1,"[5, 9, 7, 12, 14, 1, 0, 10, 3, 11, 2, 6, 4, 8, 13]",421
0,100,100,1.0,0.1,"[5, 9, 7, 12, 14, 1, 0, 10, 3, 11, 2, 6, 4, 8, 13]",421
0,100,100,1.0,0.1,"[5, 9, 7, 12, 14, 1, 0, 10, 3, 11, 2, 6, 4, 8, 13]",421
1,100,100,1.0,0.1,"[10, 7, 0, 3, 13, 11, 9, 2, 6, 14, 5, 1, 8, 4, 12]",519
1,100,100,1.0,0.1,"[4, 6, 9, 2, 14, 8, 12, 10, 1, 3, 5, 11, 13, 7, 0]",507
1,100,100,1.0,0.1,"[6, 7, 5, 3, 0, 12, 1, 4, 14, 2, 11, 9, 10, 13, 8]",502
1,100,100,1.0,0.1,"[12, 10, 3, 5, 11, 1, 6, 4, 8, 9, 2, 13, 7, 0, 14]",484
1,100,100,1.0,0.1,"[14, 4, 8, 10, 3, 5, 11, 13, 6, 12, 0, 7, 9, 2, 1]",472
1,100,100,1.0,0.1,"[14, 4, 8, 10, 3, 5, 11, 13, 6, 12, 0, 7, 9, 2, 1]",472
1,100,100,1.0,0.1,"[14, 4, 8, 10, 3, 5, 11, 13, 6, 12, 0, 7, 9, 2, 1]",472
1,100,100,1.0,0.1,"[14, 4, 8, 10, 3, 5, 11, 13, 6, 12, 0, 7, 9, 2, 1]",472
1,100,100,1.0,0.1,"[14, 4, 8, 10, 3, 5, 11, 13, 6, 12, 0, 7, 9, 2, 1]",472
1,100,100,1.0,0.1,"[14, 4, 8, 10, 3, 5, 11, 13, 6, 12, 0, 7, 9, 2, 1]",472
1,100,100,1.0,0.1,"[14, 4, 8, 10, 3, 5, 11, 13, 6, 12, 0, 7, 9, 2, 1]",472
1,100,100,1.0,0.1,"[14, 4, 8, 10, 3, 5, 11, 13, 6, 12, 0, 7, 9, 2, 1]",472
1,100,100,1.0,0.1,"[14, 4, 8, 10, 3, 5, 11, 13, 6, 12, 0, 7, 9, 2, 1]",472
1,100,100,1.0,0.1,"[14, 4, 8, 10, 3, 5, 11, 13, 6, 12, 0, 7, 9, 2, 1]",472
1,100,100,1.0,0.1,"[14, 4, 8, 10, 3, 5, 11, 13, 6, 12, 0, 7, 9, 2, 1]",472
1,100,100,1.0,0.1,"[14, 4, 8, 10, 3, 5, 11, 13, 6, 12, 0, 7, 9, 2, 1]",472
1,100,100,1.0,0.1,"[14, 4, 8, 10, 3, 5, 11, 13, 6, 12, 0, 7, 9, 2, 1]",472
1,100,100,1.0,0.1,"[14, 4, 8, 10, 3, 5, 11, 13, 6, 12, 0, 7, 9, 2, 1]",472
1,100,100,1.0,0.1,"[14, 4, 8, 10, 3, 5, 11, 13, 6, 12, 0, 7, 9, 2, 1]",472
1,100,100,1.0,0.1,"[14, 4, 8, 10, 3, 5, 11, 13, 6, 12, 0, 7, 9, 2, 1]",472
1,100,100,1.0,0.1,"[14, 4, 8, 10, 3, 5, 11, 13, 6, 12, 0, 7, 9, 2, 1]",472
1,100,100,1.0,0.1,"[2, 11, 13, 3, 0, 12, 14, 6, 8, 9, 10, 5, 7, 1, 4]",470
1,100,100,1.0,0.1,"[2, 11, 13, 3, 0, 12, 14, 6, 8, 9, 10, 5, 7, 1, 4]",470
1,100,100,1.0,0.1,"[2, 11, 13, 3, 0, 12, 14, 6, 8, 9, 10, 5, 7, 1, 4]",470
1,100,100,1.0,0.1,"[2, 11, 13, 3, 0, 12, 14, 6, 8, 9, 10, 5, 7, 1, 4]",470
1,100,100,1.0,0.1,"[2, 11, 13, 3, 0, 12, 14, 6, 8, 9, 10, 5, 7, 1, 4]",470
1,100,100,1.0,0.1,"[2, 11, 13, 3, 0, 12, 14, 6, 8, 9, 10, 5, 7, 1, 4]",470
1,100,100,1.0,0.1,"[2, 11, 13, 3, 0, 12, 14, 6, 8, 9, 10, 5, 7, 1, 4]",470
1,100,100,1.0,0.1,"[2, 11, 13, 3, 0, 12, 14, 6, 8, 9, 10, 5, 7, 1, 4]",470
1,100,100,1.0,0.1,"[2, 11, 13, 3, 0, 12, 14, 6, 8, 9, 10, 5, 7, 1, 4]",470
1,100,100,1.0,0.1,"[9, 11, 14, 8, 12, 7, 3, 10, 0, 1, 4, 6, 2, 13, 5]",438
1,100,100,1.0,0.1,"[9, 11, 14, 8, 12, 7, 3, 10, 0, 1, 4, 6, 2, 13, 5]",438
1,100,100,1.0,0.1,"[9, 11, 14, 8, 12, 7, 3, 10, 0, 1, 4, 6, 2, 13, 5]",438
1,100,100,1.0,0.1,"[9, 11, 14, 8, 12, 7, 3, 10, 0, 1, 4, 6, 2, 13, 5]",438
1,100,100,1.0,0.1,"[9, 11, 14, 8, 12, 7, 3, 10, 0, 1, 4, 6, 2, 13, 5]",438
1,100,100,1.0,0.1,"[9, 11, 14, 8, 12, 7, 3, 10, 0, 1, 4, 6, 2, 13, 5]",438
1,100,100,1.0,0.1,"[9, 11, 14, 8, 12, 7, 3, 10, 0, 1, 4, 6, 2, 13, 5]",438
1,100,100,1.0,0.1,"[9, 11, 14, 8, 12, 7, 3, 10, 0, 1, 4, 6, 2, 13, 5]",438
1,100,100,1.0,0.1,"[9, 11, 14, 8, 12, 7, 3, 10, 0, 1, 4, 6, 2, 13, 5]",438
1,100,100,1.0,0.1,"[9, 11, 14, 8, 12, 7, 3, 10, 0, 1, 4, 6, 2, 13, 5]",438
1,100,100,1.0,0.1,"[9, 11, 14, 8, 12, 7, 3, 10, 0, 1, 4, 6, 2, 13, 5]",438
1,100,100,1.0,0.1,"[9, 11, 14, 8, 12, 7, 3, 10, 0, 1, 4, 6, 2, 13, 5]",438
1,100,100,1.0,0.1,"[5, 9, 14, 8, 1, 7, 3, 10, 0, 12, 4, 6, 2, 13, 11]",400
1,100,100,1.0,0.1,"[5, 9, 14, 8, 1, 7, 3, 10, 0, 12, 4, 6, 2, 13, 11]",400
1,100,100,1.0,0.1,"[5, 9, 14, 8, 1, 7, 3, 10, 0, 12, 4, 6, 2, 13, 11]",400
1,100,100,1.0,0.1,"[5, 9, 14, 8, 1, 7, 3, 10, 0, 12, 4, 6, 2, 13, 11]",400
1,100,100,1.0,0.1,"[5, 9, 14, 8, 1, 7, 3, 10, 0, 12, 4, 6, 2, 13, 11]",400
1,100,100,1.0,0.1,"[5, 9, 14, 8, 1, 7, 3, 10, 0, 12, 4, 6, 2, 13, 11]",400
1,100,100,1.0,0.1,"[5, 9, 14, 8, 1, 7, 3, 10, 0, 12, 4, 6, 2, 13, 11]",400
1,100,100,1.0,0.1,"[5, 9, 14, 8, 1, 7, 3, 10, 0, 12, 4, 6, 2, 13, 11]",400
1,100,100,1.0,0.1,"[5, 9, 14, 8, 1, 7, 3, 10, 0, 12, 4, 6, 2, 13, 11]",400
1,100,100,1.0,0.1,"[5, 9, 14, 8, 1, 7, 3, 10, 0, 12, 4, 6, 2, 13, 11]",400
1,100,100,1.0,0.1,"[5, 9, 14, 8, 1, 7, 3, 10, 0, 12, 4, 6, 2, 13, 11]",400
1,100,100,1.0,0.1,"[5, 9, 14, 8, 1, 7, 3, 10, 0, 12, 4, 6, 2, 13, 11]",400
1,100,100,1.0,0.1,"[5, 9, 14, 8, 1, 7, 3, 10, 0, 12, 4, 6, 2, 13, 11]",400
1,100,100,1.0,0.1,"[5, 9, 14, 8, 1, 7, 3, 10, 0, 12, 4, 6, 2, 13, 11]",400
1,100,100,1.0,0.1,"[5, 9, 8, 14, 1, 7, 3, 10, 0, 12, 4, 6, 2, 13, 11]",390
1,100,100,1.0,0.1,"[5, 9, 8, 14, 1, 7, 3, 10, 0, 12, 4, 6, 2, 13, 11]",390
1,100,100,1.0,0.1,"[5, 9, 8, 14, 1, 7, 3, 10, 0, 12, 4, 6, 2, 13, 11]",390
1,100,100,1.0,0.1,"[5, 9, 8, 14, 1, 7, 3, 10, 0, 12, 4, 6, 2, 13, 11]",390
1,100,100,1.0,0.1,"[5, 9, 8, 14, 1, 7, 3, 10, 0, 12, 4, 6, 2, 13, 11]",390
1,100,100,1.0,0.1,"[5, 9, 8, 14, 1, 7, 3, 10, 0, 12, 4, 6, 2, 13, 11]",390
1,100,100,1.0,0.1,"[5, 9, 8, 14, 1, 7, 3, 10, 0, 12, 4, 6, 2, 13, 11]",390
1,100,100,1.0,0.1,"[5, 9, 8, 14, 1, 7, 3, 10, 0, 12, 4, 6, 2, 13, 11]",390
1,100,100,1.0,0.1,"[5, 9, 8, 14, 1, 7, 3, 10, 0, 12, 4, 6, 2, 13, 11]",390
1,100,100,1.0,0.1,"[5, 9, 8, 14, 1, 7, 3, 10, 0, 12, 4, 6, 2, 13, 11]",390
1,100,100,1.0,0.1,"[7, 5, 9, 2, 11, 13, 3, 10, 0, 12, 4, 6, 8, 14, 1]",378
1,100,100,1.0,0.1,"[7, 5, 9, 2, 11, 13, 3, 10, 0, 12, 4, 6, 8, 14, 1]",378
1,100,100,1.0,0.1,"[7, 5, 9, 2, 11, 13, 3, 10, 0, 12, 4, 6, 8, 14, 1]",378
1,100,100,1.0,0.1,"[7, 5, 9, 2, 11, 13, 3, 10, 0, 12, 4, 6, 8, 14, 1]",378
1,100,100,1.0,0.1,"[7, 5, 9, 2, 11, 13, 3, 10, 0, 12, 4, 6, 8, 14, 1]",378
1,100,100,1.0,0.1,"[7, 9, 2, 11, 13, 5, 3, 10, 0, 12, 4, 6, 8, 14, 1]",340
1,100,100,1.0,0.1,"[7, 9, 2, 11, 13, 5, 3, 10, 0, 12, 4, 6, 8, 14, 1]",340
1,100,100,1.0,0.1,"[7, 9, 2, 11, 13, 5, 3, 10, 0, 12, 4, 6, 8, 14, 1]",340
1,100,100,1.0,0.1,"[7, 9, 2, 11, 13, 5, 3, 10, 0, 12, 4, 6, 8, 14, 1]",340
1,100,100,1.0,0.1,"[7, 9, 2, 11, 13, 5, 3, 10, 0, 12, 4, 6, 8, 14, 1]",340
1,100,100,1.0,0.1,"[7, 9, 2, 11, 13, 5, 3, 10, 0, 12, 4, 6, 8, 14, 1]",340
1,100,100,1.0,0.1,"[7, 9, 2, 11, 13, 5, 3, 10, 0, 12, 4, 6, 8, 14, 1]",340
1,100,100,1.0,0.1,"[7, 9, 2, 11, 13, 5, 3, 10, 0, 12, 4, 6, 8, 14, 1]",340
1,100,100,1.0,0.1,"[7, 9, 2, 11, 13, 5, 3, 10, 0, 12, 4, 6, 8, 14, 1]",340
1,100,100,1.0,0.1,"[7, 9, 2, 11, 13, 5, 3, 10, 0, 12, 4, 6, 8, 14, 1]",340
1,100,100,1.0,0.1,"[7, 9, 2, 11, 13, 5, 3, 10, 0, 12, 4, 6, 8, 14, 1]",340
1,100,100,1.0,0.1,"[7, 9, 2, 11, 13, 5, 3, 10, 0, 12, 4, 6, 8, 14, 1]",340
1,100,100,1.0,0.1,"[7, 9, 2, 11, 13, 5, 3, 10, 0, 12, 4, 6, 8, 14, 1]",340
1,100,100,1.0,0.1,"[7, 9, 2, 11, 13, 5, 3, 10, 0, 12, 4, 6, 8, 14, 1]",340
1,100,100,1.0,0.1,"[7, 9, 2, 11, 13, 5, 3, 10, 0, 12, 4, 6, 8, 14, 1]",340
1,100,100,1.0,0.1,"[7, 9, 2, 11, 13, 5, 3, 10, 0, 12, 4, 6, 8, 14, 1]",340
1,100,100,1.0,0.1,"[7, 9, 2, 11, 13, 5, 3, 10, 0, 12, 4, 6, 8, 14, 1]",340
1,100,100,1.0,0.1,"[7, 9, 2, 11, 13, 5, 3, 10, 0, 12, 4, 6, 8, 14, 1]",340
1,100,100,1.0,0.1,"[7, 9, 2, 11, 13, 5, 3, 10, 0, 12, 4, 6, 8, 14, 1]",340
1,100,100,1.0,0.1,"[7, 9, 2, 11, 13, 5, 3, 10, 0, 12, 4, 6, 8, 14, 1]",340
1,100,100,1.0,0.1,"[7, 9, 2, 11, 13, 5, 3, 10, 0, 12, 4, 6, 8, 14, 1]",340
1,100,100,1.0,0.1,"[7, 9, 2, 11, 13, 5, 3, 10, 0, 12, 4, 6, 8, 14, 1]",340
1,100,100,1.0,0.1,"[7, 9, 2, 11, 13, 5, 3, 10, 0, 12, 4, 6, 8, 14, 1]",340
1,100,100,1.0,0.1,"[7, 9, 2, 11, 13, 5, 3, 10, 0, 12, 4, 6, 8, 14, 1]",340
1,100,100,1.0,0.1,"[7, 9, 2, 11, 13, 5, 3, 10, 0, 12, 4, 6, 8, 14, 1]",340
1,100,100,1.0,0.1,"[7, 9, 2, 11, 13, 5, 3, 10, 0, 12, 4, 6, 8, 14, 1]",340
1,100,100,1.0,0.1,"[7, 9, 2, 11, 13, 5, 3, 10, 0, 12, 4, 6, 8, 14, 1]",340
1,100,100,1.0,0.1,"[7, 9, 2, 11, 13, 5, 3, 10, 0, 12, 4, 6, 8, 14, 1]",340
1,100,100,1.0,0.1,"[7, 9, 2, 11, 13, 5, 3, 10, 0, 12, 4, 6, 8, 14, 1]",340
2,100,100,1.0,0.1,"[14, 1, 3, 7, 5, 13, 4, 12, 0, 10, 11, 2, 9, 6, 8]",493
2,100,100,1.0,0.1,"[14, 1, 3, 7, 5, 13, 4, 12, 0, 10, 11, 2, 9, 6, 8]",493
2,100,100,1.0,0.1,"[14, 1, 3, 7, 5, 13, 4, 12, 0, 10, 11, 2, 9, 6, 8]",493
2,100,100,1.0,0.1,"[14, 1, 7, 5, 3, 13, 4, 12, 0, 10, 11, 2, 9, 6, 8]",468
2,100,100,1.0,0.1,"[14, 1, 7, 5, 3, 13, 4, 12, 0, 10, 11, 2, 9, 6, 8]",468
2,100,100,1.0,0.1,"[14, 1, 7, 5, 3, 13, 4, 12, 0, 10, 11, 2, 9, 6, 8]",468
2,100,100,1.0,0.1,"[14, 1, 7, 5, 3, 13, 4, 12, 0, 10, 11, 2, 9, 6, 8]",468
2,100,100,1.0,0.1,"[14, 1, 7, 5, 3, 13, 4, 12, 0, 10, 11, 2, 9, 6, 8]",468
2,100,100,1.0,0.1,"[14, 1, 7, 5, 3, 13, 4, 12, 0, 10, 11, 2, 9, 6, 8]",468
2,100,100,1.0,0.1,"[14, 5, 3, 13, 6, 4, 1, 12, 0, 10, 11, 2, 9, 7, 8]",465
2,100,100,1.0,0.1,"[14, 5, 3, 13, 6, 4, 1, 12, 0, 10, 11, 2, 9, 7, 8]",465
2,100,100,1.0,0.1,"[14, 5, 3, 13, 6, 4, 1, 12, 0, 10, 11, 2, 9, 7, 8]",465
2,100,100,1.0,0.1,"[14, 5, 3, 13, 6, 4, 1, 12, 0, 10, 11, 2, 9, 7, 8]",465
2,100,100,1.0,0.1,"[8, 5, 12, 1, 9, 7, 3, 0, 10, 11, 13, 2, 6, 4, 14]",456
2,100,100,1.0,0.1,"[8, 5, 12, 1, 9, 7, 3, 0, 10, 11, 13, 2, 6, 4, 14]",456
2,100,100,1.0,0.1,"[8, 5, 12, 1, 9, 7, 3, 0, 10, 11, 13, 2, 6, 4, 14]",456
2,100,100,1.0,0.1,"[8, 5, 12, 1, 9, 7, 3, 0, 10, 11, 13, 2, 6, 4, 14]",456
2,100,100,1.0,0.1,"[8, 5, 12, 1, 9, 7, 3, 0, 10, 11, 13, 2, 6, 4, 14]",456
2,100,100,1.0,0.1,"[8, 5, 12, 1, 9, 7, 3, 0, 10, 11, 13, 2, 6, 4, 14]",456
2,100,100,1.0,0.1,"[8, 5, 12, 1, 9, 7, 3, 0, 10, 11, 13, 2, 6, 4, 14]",456
2,100,100,1.0,0.1,"[8, 5, 12, 1, 9, 7, 3, 0, 10, 11, 13, 2, 6, 4, 14]",456
2,100,100,1.0,0.1,"[8, 5, 12, 1, 9, 7, 3, 0, 10, 11, 13, 2, 6, 4, 14]",456
2,100,100,1.0,0.1,"[8, 5, 12, 1, 9, 7, 3, 0, 10, 11, 13, 2, 6, 4, 14]",456
2,100,100,1.0,0.1,"[8, 5, 12, 1, 9, 7, 3, 0, 10, 11, 13, 2, 6, 4, 14]",456
2,100,100,1.0,0.1,"[8, 5, 12, 1, 9, 7, 3, 0, 10, 11, 13, 2, 6, 4, 14]",456
2,100,100,1.0,0.1,"[8, 5, 12, 1, 9, 7, 3, 0, 10, 11, 13, 2, 6, 4, 14]",456
2,100,100,1.0,0.1,"[8, 5, 12, 1, 9, 7, 3, 0, 10, 11, 13, 2, 6, 4, 14]",456
2,100,100,1.0,0.1,"[8, 5, 12, 1, 9, 7, 3, 0, 10, 11, 13, 2, 6, 4, 14]",456
2,100,100,1.0,0.1,"[8, 5, 12, 1, 9, 7, 3, 0, 10, 11, 13, 2, 6, 4, 14]",456
2,100,100,1.0,0.1,"[8, 5, 12, 1, 9, 7, 3, 0, 10, 11, 13, 2, 6, 4, 14]",456
2,100,100,1.0,0.1,"[8, 5, 12, 1, 9, 7, 3, 0, 10, 11, 13, 2, 6, 4, 14]",456
2,100,100,1.0,0.1,"[8, 5, 12, 1, 9, 7, 3, 0, 10, 11, 13, 2, 6, 4, 14]",456
2,100,100,1.0,0.1,"[8, 5, 12, 1, 9, 7, 3, 0, 10, 11, 13, 2, 6, 4, 14]",456
2,100,100,1.0,0.1,"[8, 5, 12, 1, 9, 7, 3, 0, 10, 11, 13, 2, 6, 4, 14]",456
2,100,100,1.0,0.1,"[8, 5, 12, 1, 9, 7, 3, 0, 10, 11, 13, 2, 6, 4, 14]",456
2,100,100,1.0,0.1,"[8, 5, 12, 1, 9, 7, 3, 0, 10, 11, 13, 2, 6, 4, 14]",456
2,100,100,1.0,0.1,"[8, 5, 12, 1, 9, 7, 3, 0, 10, 11, 13, 2, 6, 4, 14]",456
2,100,100,1.0,0.1,"[8, 5, 12, 1, 9, 7, 3, 0, 10, 11, 13, 2, 6, 4, 14]",456
2,100,100,1.0,0.1,"[8, 5, 12, 1, 9, 7, 3, 0, 10, 11, 13, 2, 6, 4, 14]",456
2,100,100,1.0,0.1,"[8, 5, 12, 1, 9, 7, 3, 0, 10, 11, 13, 2, 6, 4, 14]",456
2,100,100,1.0,0.1,"[8, 5, 12, 1, 9, 7, 3, 0, 10, 11, 13, 2, 6, 4, 14]",456
2,100,100,1.0,0.1,"[8, 5, 12, 1, 9, 7, 3, 0, 10, 11, 13, 2, 6, 4, 14]",456
2,100,100,1.0,0.1,"[8, 5, 12, 1, 9, 7, 3, 0, 10, 11, 13, 2, 6, 4, 14]",456
2,100,100,1.0,0.1,"[8, 5, 12, 1, 9, 7, 3, 0, 10, 11, 13, 2, 6, 4, 14]",456
2,100,100,1.0,0.1,"[8, 5, 12, 1, 9, 7, 3, 0, 10, 11, 13, 2, 6, 4, 14]",456
2,100,100,1.0,0.1,"[8, 5, 12, 1, 9, 7, 3, 0, 10, 11, 13, 2, 6, 4, 14]",456
2,100,100,1.0,0.1,"[8, 5, 12, 1, 9, 7, 3, 0, 10, 11, 13, 2, 6, 4, 14]",456
2,100,100,1.0,0.1,"[8, 5, 12, 1, 9, 7, 3, 0, 10, 11, 13, 2, 6, 4, 14]",456
2,100,100,1.0,0.1,"[8, 5, 12, 1, 9, 7, 3, 0, 10, 11, 13, 2, 6, 4, 14]",456
2,100,100,1.0,0.1,"[8, 5, 12, 1, 9, 7, 3, 0, 10, 11, 13, 2, 6, 4, 14]",456
2,100,100,1.0,0.1,"[8, 5, 12, 1, 9, 7, 3, 0, 10, 11, 13, 2, 6, 4, 14]",456
2,100,100,1.0,0.1,"[8, 5, 12, 1, 9, 7, 3, 0, 10, 11, 13, 2, 6, 4, 14]",456
2,100,100,1.0,0.1,"[8, 5, 12, 1, 9, 7, 3, 0, 10, 11, 13, 2, 6, 4, 14]",456
2,100,100,1.0,0.1,"[8, 5, 12, 1, 9, 7, 3, 0, 10, 11, 13, 2, 6, 4, 14]",456
2,100,100,1.0,0.1,"[8, 5, 12, 1, 9, 7, 3, 0, 10, 11, 13, 2, 6, 4, 14]",456
2,100,100,1.0,0.1,"[7, 1, 5, 3, 0, 10, 12, 2, 13, 11, 9, 6, 4, 14, 8]",446
2,100,100,1.0,0.1,"[7, 1, 5, 3, 0, 10, 12, 2, 13, 11, 9, 6, 4, 14, 8]",446
2,100,100,1.0,0.1,"[7, 1, 5, 3, 0, 10, 12, 2, 13, 11, 9, 6, 4, 14, 8]",446
2,100,100,1.0,0.1,"[5, 1, 10, 0, 12, 14, 8, 2, 13, 9, 11, 6, 4, 7, 3]",444
2,100,100,1.0,0.1,"[5, 1, 10, 0, 12, 14, 8, 2, 13, 9, 11, 6, 4, 7, 3]",444
2,100,100,1.0,0.1,"[5, 1, 10, 0, 12, 14, 8, 2, 13, 9, 11, 6, 4, 7, 3]",444
2,100,100,1.0,0.1,"[5, 1, 10, 0, 12, 14, 8, 2, 13, 9, 11, 6, 4, 7, 3]",444
2,100,100,1.0,0.1,"[5, 1, 10, 0, 12, 14, 8, 2, 13, 9, 11, 6, 4, 7, 3]",444
2,100,100,1.0,0.1,"[5, 1, 10, 0, 12, 14, 8, 2, 13, 9, 11, 6, 4, 7, 3]",444
2,100,100,1.0,0.1,"[5, 1, 10, 0, 12, 14, 8, 2, 13, 9, 11, 6, 4, 7, 3]",444
2,100,100,1.0,0.1,"[5, 1, 10, 0, 12, 14, 8, 2, 13, 9, 11, 6, 4, 7, 3]",444
2,100,100,1.0,0.1,"[5, 1, 10, 0, 12, 14, 8, 2, 13, 9, 11, 6, 4, 7, 3]",444
2,100,100,1.0,0.1,"[4, 12, 7, 1, 14, 0, 10, 3, 5, 13, 11, 9, 6, 2, 8]",411
2,100,100,1.0,0.1,"[10, 3, 5, 1, 7, 14, 8, 2, 13, 11, 9, 6, 4, 12, 0]",406
2,100,100,1.0,0.1,"[10, 3, 5, 1, 7, 14, 8, 2, 13, 11, 9, 6, 4, 12, 0]",406
2,100,100,1.0,0.1,"[10, 3, 5, 1, 7, 14, 8, 2, 13, 11, 9, 6, 4, 12, 0]",406
2,100,100,1.0,0.1,"[10, 3, 5, 1, 7, 14, 8, 2, 13, 11, 9, 6, 4, 12, 0]",406
2,100,100,1.0,0.1,"[10, 3, 5, 1, 7, 14, 8, 2, 13, 11, 9, 6, 4, 12, 0]",406
2,100,100,1.0,0.1,"[10, 3, 5, 1, 7, 14, 8, 2, 13, 11, 9, 6, 4, 12, 0]",406
2,100,100,1.0,0.1,"[10, 3, 5, 1, 7, 14, 8, 2, 13, 11, 9, 6, 4, 12, 0]",406
2,100,100,1.0,0.1,"[10, 3, 5, 1, 7, 14, 8, 2, 13, 11, 9, 6, 4, 12, 0]",406
2,100,100,1.0,0.1,"[10, 3, 5, 1, 7, 14, 8, 2, 13, 11, 9, 6, 4, 12, 0]",406
2,100,100,1.0,0.1,"[10, 3, 5, 1, 7, 14, 8, 2, 13, 11, 9, 6, 4, 12, 0]",406
2,100,100,1.0,0.1,"[10, 3, 5, 1, 7, 14, 8, 2, 13, 11, 9, 6, 4, 12, 0]",406
2,100,100,1.0,0.1,"[10, 3, 5, 1, 7, 14, 8, 2, 13, 11, 9, 6, 4, 12, 0]",406
2,100,100,1.0,0.1,"[10, 3, 5, 1, 7, 14, 8, 2, 13, 11, 9, 6, 4, 12, 0]",406
2,100,100,1.0,0.1,"[10, 3, 5, 1, 7, 14, 8, 2, 13, 11, 9, 6, 4, 12, 0]",406
2,100,100,1.0,0.1,"[10, 3, 5, 1, 7, 14, 8, 2, 13, 11, 9, 6, 4, 12, 0]",406
2,100,100,1.0,0.1,"[10, 3, 5, 1, 7, 14, 8, 2, 13, 11, 9, 6, 4, 12, 0]",406
2,100,100,1.0,0.1,"[10, 3, 5, 1, 7, 14, 8, 2, 13, 11, 9, 6, 4, 12, 0]",406
2,100,100,1.0,0.1,"[10, 3, 5, 1, 7, 14, 8, 2, 13, 11, 9, 6, 4, 12, 0]",406
2,100,100,1.0,0.1,"[10, 3, 5, 1, 7, 14, 8, 2, 13, 11, 9, 6, 4, 12, 0]",406
2,100,100,1.0,0.1,"[10, 3, 5, 1, 7, 14, 8, 2, 13, 11, 9, 6, 4, 12, 0]",406
2,100,100,1.0,0.1,"[10, 3, 5, 1, 7, 14, 8, 2, 13, 11, 9, 6, 4, 12, 0]",406
2,100,100,1.0,0.1,"[10, 3, 5, 1, 7, 14, 8, 2, 13, 11, 9, 6, 4, 12, 0]",406
2,100,100,1.0,0.1,"[10, 3, 5, 1, 7, 14, 8, 2, 13, 11, 9, 6, 4, 12, 0]",406
2,100,100,1.0,0.1,"[10, 3, 5, 1, 7, 14, 8, 2, 13, 11, 9, 6, 4, 12, 0]",406
2,100,100,1.0,0.1,"[10, 3, 5, 1, 7, 14, 8, 2, 13, 11, 9, 6, 4, 12, 0]",406
2,100,100,1.0,0.1,"[10, 3, 5, 1, 7, 14, 8, 2, 13, 11, 9, 6, 4, 12, 0]",406
2,100,100,1.0,0.1,"[10, 3, 5, 1, 7, 14, 8, 2, 13, 11, 9, 6, 4, 12, 0]",406
2,100,100,1.0,0.1,"[10, 3, 5, 1, 7, 14, 8, 2, 13, 11, 9, 6, 4, 12, 0]",406
2,100,100,1.0,0.1,"[10, 3, 5, 1, 7, 14, 8, 2, 13, 11, 9, 6, 4, 12, 0]",406
2,100,100,1.0,0.1,"[10, 3, 5, 1, 7, 14, 8, 2, 13, 11, 9, 6, 4, 12, 0]",406
2,100,100,1.0,0.1,"[10, 3, 5, 1, 7, 14, 8, 2, 13, 11, 9, 6, 4, 12, 0]",406
2,100,100,1.0,0.1,"[10, 3, 5, 1, 7, 14, 8, 2, 13, 11, 9, 6, 4, 12, 0]",406
3,100,100,1.0,0.1,"[10, 0, 12, 4, 8, 14, 6, 1, 13, 7, 9, 3, 5, 11, 2]",498
3,100,100,1.0,0.1,"[7, 13, 9, 10, 0, 3, 5, 11, 2, 14, 8, 4, 1, 12, 6]",482
3,100,100,1.0,0.1,"[7, 13, 9, 10, 0, 3, 5, 11, 2, 14, 8, 4, 1, 12, 6]",482
3,100,100,1.0,0.1,"[7, 13, 9, 10, 0, 3, 5, 11, 2, 14, 8, 4, 1, 12, 6]",482
3,100,100,1.0,0.1,"[7, 13, 9, 10, 0, 3, 5, 11, 2, 14, 8, 4, 1, 12, 6]",482
3,100,100,1.0,0.1,"[7, 13, 9, 10, 0, 3, 5, 11, 2, 14, 8, 4, 1, 12, 6]",482
3,100,100,1.0,0.1,"[13, 9, 10, 0, 3, 5, 11, 14, 8, 4, 6, 2, 1, 12, 7]",464
3,100,100,1.0,0.1,"[13, 9, 10, 0, 3, 5, 11, 14, 8, 4, 6, 2, 1, 12, 7]",464
3,100,100,1.0,0.1,"[0, 3, 5, 11, 14, 8, 4, 6, 2, 9, 1, 12, 7, 13, 10]",454
3,100,100,1.0,0.1,"[0, 3, 5, 11, 14, 8, 4, 6, 2, 9, 1, 12, 7, 13, 10]",454
3,100,100,1.0,0.1,"[3, 5, 11, 14, 8, 4, 6, 2, 13, 1, 12, 7, 9, 10, 0]",453
3,100,100,1.0,0.1,"[3, 5, 11, 14, 8, 4, 6, 2, 13, 1, 12, 7, 9, 10, 0]",453
3,100,100,1.0,0.1,"[3, 5, 11, 14, 8, 4, 6, 2, 13, 1, 12, 7, 9, 10, 0]",453
3,100,100,1.0,0.1,"[3, 5, 11, 14, 8, 4, 6, 2, 13, 1, 12, 7, 9, 10, 0]",453
3,100,100,1.0,0.1,"[3, 5, 11, 14, 8, 4, 6, 2, 13, 1, 12, 7, 9, 10, 0]",453
3,100,100,1.0,0.1,"[3, 5, 11, 14, 8, 4, 6, 2, 13, 1, 12, 7, 9, 10, 0]",453
3,100,100,1.0,0.1,"[3, 5, 11, 14, 8, 4, 6, 2, 13, 1, 12, 7, 9, 10, 0]",453
3,100,100,1.0,0.1,"[3, 5, 11, 14, 8, 4, 6, 2, 13, 1, 12, 7, 9, 10, 0]",453
3,100,100,1.0,0.1,"[3, 5, 11, 14, 8, 4, 6, 2, 13, 1, 12, 7, 9, 10, 0]",453
3,100,100,1.0,0.1,"[3, 5, 11, 14, 8, 4, 6, 2, 13, 1, 12, 7, 9, 10, 0]",453
3,100,100,1.0,0.1,"[3, 5, 11, 14, 8, 4, 6, 2, 13, 1, 12, 7, 9, 10, 0]",453
3,100,100,1.0,0.1,"[3, 5, 11, 14, 8, 4, 6, 2, 13, 1, 12, 7, 9, 10, 0]",453
3,100,100,1.0,0.1,"[3, 5, 11, 14, 8, 4, 6, 2, 13, 1, 12, 7, 9, 10, 0]",453
3,100,100,1.0,0.1,"[3, 5, 11, 14, 8, 4, 6, 2, 13, 1, 12, 7, 9, 10, 0]",453
3,100,100,1.0,0.1,"[3, 5, 11, 14, 8, 4, 6, 2, 13, 1, 12, 7, 9, 10, 0]",453
3,100,100,1.0,0.1,"[3, 5, 11, 14, 8, 4, 6, 2, 13, 1, 12, 7, 9, 10, 0]",453
3,100,100,1.0,0.1,"[3, 5, 11, 14, 8, 4, 6, 2, 13, 1, 12, 7, 9, 10, 0]",453
3,100,100,1.0,0.1,"[3, 5, 11, 14, 8, 4, 6, 2, 13, 1, 12, 7, 9, 10, 0]",453
3,100,100,1.0,0.1,"[3, 5, 11, 14, 8, 4, 6, 2, 13, 1, 12, 7, 9, 10, 0]",453
3,100,100,1.0,0.1,"[3, 5, 11, 14, 8, 4, 6, 2, 13, 1, 12, 7, 9, 10, 0]",453
3,100,100,1.0,0.1,"[3, 5, 11, 14, 8, 4, 6, 2, 13, 1, 12, 7, 9, 10, 0]",453
3,100,100,1.0,0.1,"[3, 5, 11, 14, 8, 4, 6, 2, 13, 1, 12, 7, 9, 10, 0]",453
3,100,100,1.0,0.1,"[3, 5, 11, 14, 8, 4, 6, 2, 13, 1, 12, 7, 9, 10, 0]",453
3,100,100,1.0,0.1,"[5, 11, 9, 14, 8, 4, 6, 2, 13, 1, 12, 7, 10, 0, 3]",427
3,100,100,1.0,0.1,"[5, 11, 9, 14, 8, 4, 6, 2, 13, 1, 12, 7, 10, 0, 3]",427
3,100,100,1.0,0.1,"[5, 11, 9, 14, 8, 4, 6, 2, 13, 1, 12, 7, 10, 0, 3]",427
3,100,100,1.0,0.1,"[5, 11, 9, 14, 8, 4, 6, 2, 13, 1, 12, 7, 10, 0, 3]",427
3,100,100,1.0,0.1,"[5, 11, 9, 14, 8, 4, 6, 2, 13, 1, 12, 7, 10, 0, 3]",427
3,100,100,1.0,0.1,"[5, 11, 9, 14, 8, 4, 6, 2, 13, 1, 12, 7, 10, 0, 3]",427
3,100,100,1.0,0.1,"[5, 11, 9, 14, 8, 4, 6, 2, 13, 1, 12, 7, 10, 0, 3]",427
3,100,100,1.0,0.1,"[5, 11, 9, 14, 8, 4, 6, 2, 13, 1, 12, 7, 10, 0, 3]",427
3,100,100,1.0,0.1,"[5, 11, 9, 14, 8, 4, 6, 2, 13, 1, 12, 7, 10, 0, 3]",427
3,100,100,1.0,0.1,"[5, 11, 9, 14, 8, 4, 6, 2, 13, 1, 12, 7, 10, 0, 3]",427
3,100,100,1.0,0.1,"[5, 11, 9, 14, 8, 4, 6, 2, 13, 1, 12, 7, 10, 0, 3]",427
3,100,100,1.0,0.1,"[5, 11, 9, 14, 8, 4, 6, 2, 13, 1, 12, 7, 10, 0, 3]",427
3,100,100,1.0,0.1,"[5, 11, 9, 14, 8, 4, 6, 2, 13, 1, 12, 7, 10, 0, 3]",427
3,100,100,1.0,0.1,"[5, 11, 9, 14, 8, 4, 6, 2, 13, 1, 12, 7, 10, 0, 3]",427
3,100,100,1.0,0.1,"[5, 11, 9, 14, 8, 4, 6, 2, 13, 1, 12, 7, 10, 0, 3]",427
3,100,100,1.0,0.1,"[5, 11, 9, 14, 8, 4, 6, 2, 13, 1, 12, 7, 10, 0, 3]",427
3,100,100,1.0,0.1,"[5, 11, 9, 14, 8, 4, 6, 2, 13, 1, 12, 7, 10, 0, 3]",427
3,100,100,1.0,0.1,"[5, 11, 9, 14, 8, 4, 6, 2, 13, 1, 12, 7, 10, 0, 3]",427
3,100,100,1.0,0.1,"[5, 11, 9, 14, 8, 4, 6, 2, 13, 1, 12, 7, 10, 0, 3]",427
3,100,100,1.0,0.1,"[5, 11, 9, 14, 8, 4, 6, 2, 13, 1, 12, 7, 10, 0, 3]",427
3,100,100,1.0,0.1,"[5, 11, 9, 14, 8, 4, 6, 2, 13, 1, 12, 7, 10, 0, 3]",427
3,100,100,1.0,0.1,"[5, 11, 9, 14, 8, 4, 6, 2, 13, 1, 12, 7, 10, 0, 3]",427
3,100,100,1.0,0.1,"[5, 11, 9, 14, 8, 4, 6, 2, 13, 1, 12, 7, 10, 0, 3]",427
3,100,100,1.0,0.1,"[5, 11, 9, 14, 8, 4, 6, 2, 13, 1, 12, 7, 10, 0, 3]",427
3,100,100,1.0,0.1,"[5, 11, 9, 14, 8, 4, 6, 2, 13, 1, 12, 7, 10, 0, 3]",427
3,100,100,1.0,0.1,"[5, 11, 9, 14, 8, 4, 6, 2, 13, 1, 12, 7, 10, 0, 3]",427
3,100,100,1.0,0.1,"[5, 11, 9, 14, 8, 4, 6, 2, 13, 1, 12, 7, 10, 0, 3]",427
3,100,100,1.0,0.1,"[5, 11, 9, 14, 8, 4, 6, 2, 13, 1, 12, 7, 10, 0, 3]",427
3,100,100,1.0,0.1,"[5, 11, 9, 14, 8, 4, 6, 2, 13, 1, 12, 7, 10, 0, 3]",427
3,100,100,1.0,0.1,"[5, 11, 9, 14, 8, 4, 6, 2, 13, 1, 12, 7, 10, 0, 3]",427
3,100,100,1.0,0.1,"[5, 11, 9, 14, 8, 4, 6, 2, 13, 1, 12, 7, 10, 0, 3]",427
3,100,100,1.0,0.1,"[5, 11, 9, 14, 8, 4, 6, 2, 13, 1, 12, 7, 10, 0, 3]",427
3,100,100,1.0,0.1,"[5, 11, 9, 14, 8, 4, 6, 2, 13, 1, 12, 7, 10, 0, 3]",427
3,100,100,1.0,0.1,"[5, 11, 9, 14, 8, 4, 6, 2, 13, 1, 12, 7, 10, 0, 3]",427
3,100,100,1.0,0.1,"[5, 11, 9, 14, 8, 4, 6, 2, 13, 1, 12, 7, 10, 0, 3]",427
3,100,100,1.0,0.1,"[5, 11, 9, 14, 8, 4, 6, 2, 13, 1, 12, 7, 10, 0, 3]",427
3,100,100,1.0,0.1,"[5, 11, 9, 14, 8, 4, 6, 2, 13, 1, 12, 7, 10, 0, 3]",427
3,100,100,1.0,0.1,"[5, 11, 9, 14, 8, 4, 6, 2, 13, 1, 12, 7, 10, 0, 3]",427
3,100,100,1.0,0.1,"[5, 11, 9, 14, 8, 4, 6, 2, 13, 1, 12, 7, 10, 0, 3]",427
3,100,100,1.0,0.1,"[5, 11, 9, 14, 8, 4, 6, 2, 13, 1, 12, 7, 10, 0, 3]",427
3,100,100,1.0,0.1,"[5, 11, 9, 14, 8, 4, 6, 2, 13, 1, 12, 7, 10, 0, 3]",427
3,100,100,1.0,0.1,"[5, 11, 9, 14, 8, 4, 6, 2, 13, 1, 12, 7, 10, 0, 3]",427
3,100,100,1.0,0.1,"[5, 11, 9, 14, 8, 4, 6, 2, 13, 1, 12, 7, 10, 0, 3]",427
3,100,100,1.0,0.1,"[5, 11, 9, 14, 8, 4, 6, 2, 13, 1, 12, 7, 10, 0, 3]",427
3,100,100,1.0,0.1,"[5, 11, 9, 14, 8, 4, 6, 2, 13, 1, 12, 7, 10, 0, 3]",427
3,100,100,1.0,0.1,"[5, 11, 9, 14, 8, 4, 6, 2, 13, 1, 12, 7, 10, 0, 3]",427
3,100,100,1.0,0.1,"[5, 11, 9, 14, 8, 4, 6, 2, 13, 1, 12, 7, 10, 0, 3]",427
3,100,100,1.0,0.1,"[5, 11, 9, 14, 8, 4, 6, 2, 13, 1, 12, 7, 10, 0, 3]",427
3,100,100,1.0,0.1,"[5, 11, 9, 14, 8, 4, 6, 2, 13, 1, 12, 7, 10, 0, 3]",427
3,100,100,1.0,0.1,"[5, 11, 9, 14, 8, 4, 6, 2, 13, 1, 12, 7, 10, 0, 3]",427
3,100,100,1.0,0.1,"[5, 11, 9, 14, 8, 4, 6, 2, 13, 1, 12, 7, 10, 0, 3]",427
3,100,100,1.0,0.1,"[5, 11, 9, 14, 8, 4, 6, 2, 13, 1, 12, 7, 10, 0, 3]",427
3,100,100,1.0,0.1,"[5, 11, 9, 14, 8, 4, 6, 2, 13, 1, 12, 7, 10, 0, 3]",427
3,100,100,1.0,0.1,"[2, 11, 13, 5, 3, 10, 0, 1, 14, 4, 12, 6, 8, 9, 7]",406
3,100,100,1.0,0.1,"[2, 11, 13, 5, 3, 10, 0, 1, 14, 4, 12, 6, 8, 9, 7]",406
3,100,100,1.0,0.1,"[2, 11, 13, 5, 3, 10, 0, 1, 14, 4, 12, 6, 8, 9, 7]",406
3,100,100,1.0,0.1,"[2, 11, 13, 5, 3, 10, 0, 1, 14, 4, 12, 6, 8, 9, 7]",406
3,100,100,1.0,0.1,"[2, 11, 13, 5, 3, 10, 0, 1, 14, 4, 12, 8, 6, 9, 7]",386
3,100,100,1.0,0.1,"[2, 11, 13, 5, 3, 10, 0, 1, 14, 4, 12, 8, 6, 9, 7]",386
3,100,100,1.0,0.1,"[2, 11, 13, 5, 3, 10, 0, 1, 14, 4, 12, 8, 6, 9, 7]",386
3,100,100,1.0,0.1,"[2, 11, 13, 5, 3, 10, 0, 1, 14, 4, 12, 8, 6, 9, 7]",386
3,100,100,1.0,0.1,"[2, 11, 13, 5, 3, 10, 0, 1, 14, 4, 12, 8, 6, 9, 7]",386
3,100,100,1.0,0.1,"[2, 11, 13, 5, 3, 10, 0, 1, 14, 4, 12, 8, 6, 9, 7]",386
3,100,100,1.0,0.1,"[2, 11, 13, 5, 3, 10, 0, 1, 14, 4, 12, 8, 6, 9, 7]",386
3,100,100,1.0,0.1,"[2, 11, 13, 5, 3, 10, 0, 1, 14, 4, 12, 8, 6, 9, 7]",386
3,100,100,1.0,0.1,"[2, 11, 13, 5, 3, 10, 0, 1, 14, 4, 12, 8, 6, 9, 7]",386
3,100,100,1.0,0.1,"[2, 11, 13, 5, 3, 10, 0, 1, 14, 4, 12, 8, 6, 9, 7]",386
4,100,100,1.0,0.1,"[13, 9, 0, 3, 10, 1, 12, 14, 5, 7, 6, 11, 2, 8, 4]",529
4,100,100,1.0,0.1,"[4, 12, 7, 10, 3, 5, 0, 11, 6, 13, 2, 9, 1, 14, 8]",505
4,100,100,1.0,0.1,"[10, 0, 5, 3, 11, 13, 2, 4, 9, 6, 1, 14, 8, 12, 7]",486
4,100,100,1.0,0.1,"[10, 0, 5, 3, 11, 13, 2, 4, 9, 6, 1, 14, 8, 12, 7]",486
4,100,100,1.0,0.1,"[10, 0, 5, 3, 11, 13, 2, 4, 9, 6, 1, 14, 8, 12, 7]",486
4,100,100,1.0,0.1,"[10, 0, 5, 3, 11, 13, 2, 4, 9, 6, 1, 14, 8, 12, 7]",486
4,100,100,1.0,0.1,"[10, 0, 5, 3, 11, 13, 2, 4, 9, 6, 1, 14, 8, 12, 7]",486
4,100,100,1.0,0.1,"[10, 0, 5, 3, 11, 13, 2, 4, 9, 6, 1, 14, 8, 12, 7]",486
4,100,100,1.0,0.1,"[10, 0, 5, 3, 11, 13, 2, 4, 9, 6, 1, 14, 8, 12, 7]",486
4,100,100,1.0,0.1,"[10, 0, 5, 3, 11, 13, 2, 4, 9, 6, 1, 14, 8, 12, 7]",486
4,100,100,1.0,0.1,"[10, 0, 5, 3, 11, 13, 2, 4, 9, 6, 1, 14, 8, 12, 7]",486
4,100,100,1.0,0.1,"[10, 0, 5, 3, 11, 13, 2, 4, 9, 6, 1, 14, 8, 12, 7]",486
4,100,100,1.0,0.1,"[10, 0, 5, 3, 11, 13, 2, 4, 9, 6, 1, 14, 8, 12, 7]",486
4,100,100,1.0,0.1,"[5, 3, 9, 8, 11, 13, 2, 4, 6, 1, 14, 12, 7, 10, 0]",481
4,100,100,1.0,0.1,"[5, 3, 9, 8, 11, 13, 2, 4, 6, 1, 14, 12, 7, 10, 0]",481
4,100,100,1.0,0.1,"[5, 3, 9, 8, 11, 13, 2, 4, 6, 1, 14, 12, 7, 10, 0]",481
4,100,100,1.0,0.1,"[5, 3, 9, 8, 11, 13, 2, 4, 6, 1, 14, 12, 7, 10, 0]",481
4,100,100,1.0,0.1,"[9, 8, 11, 13, 2, 4, 6, 1, 14, 0, 10, 12, 7, 5, 3]",480
4,100,100,1.0,0.1,"[9, 8, 11, 13, 2, 4, 6, 1, 14, 0, 10, 12, 7, 5, 3]",480
4,100,100,1.0,0.1,"[9, 8, 11, 13, 2, 4, 6, 1, 14, 0, 10, 12, 7, 5, 3]",480
4,100,100,1.0,0.1,"[9, 8, 11, 13, 2, 4, 6, 1, 14, 0, 10, 12, 7, 5, 3]",480
4,100,100,1.0,0.1,"[9, 8, 11, 13, 2, 4, 6, 1, 14, 0, 10, 12, 7, 5, 3]",480
4,100,100,1.0,0.1,"[9, 8, 11, 13, 2, 4, 6, 1, 14, 0, 10, 12, 7, 5, 3]",480
4,100,100,1.0,0.1,"[9, 8, 11, 13, 2, 4, 6, 1, 14, 0, 10, 12, 7, 5, 3]",480
4,100,100,1.0,0.1,"[9, 8, 11, 13, 2, 4, 6, 1, 14, 0, 10, 12, 7, 5, 3]",480
4,100,100,1.0,0.1,"[9, 8, 11, 13, 2, 4, 6, 1, 14, 0, 10, 12, 7, 5, 3]",480
4,100,100,1.0,0.1,"[9, 8, 11, 13, 2, 4, 6, 1, 14, 0, 10, 12, 7, 5, 3]",480
4,100,100,1.0,0.1,"[8, 1, 0, 10, 3, 13, 7, 11, 5, 9, 14, 12, 2, 6, 4]",468
4,100,100,1.0,0.1,"[11, 13, 2, 4, 6, 9, 14, 7, 12, 0, 10, 5, 3, 1, 8]",464
4,100,100,1.0,0.1,"[11, 13, 2, 4, 6, 9, 14, 7, 12, 0, 10, 5, 3, 1, 8]",464
4,100,100,1.0,0.1,"[4, 6, 14, 1, 9, 7, 3, 5, 0, 10, 12, 8, 11, 13, 2]",455
4,100,100,1.0,0.1,"[4, 6, 14, 1, 9, 7, 3, 5, 0, 10, 12, 8, 11, 13, 2]",455
4,100,100,1.0,0.1,"[4, 6, 14, 1, 9, 7, 3, 5, 0, 10, 12, 8, 11, 13, 2]",455
4,100,100,1.0,0.1,"[4, 6, 14, 1, 9, 7, 3, 5, 0, 10, 12, 8, 11, 13, 2]",455
4,100,100,1.0,0.1,"[4, 6, 14, 1, 9, 7, 3, 5, 0, 10, 12, 8, 11, 13, 2]",455
4,100,100,1.0,0.1,"[4, 6, 14, 1, 9, 7, 3, 5, 0, 10, 12, 8, 11, 13, 2]",455
4,100,100,1.0,0.1,"[4, 6, 14, 1, 9, 7, 3, 5, 0, 10, 12, 8, 11, 13, 2]",455
4,100,100,1.0,0.1,"[4, 6, 14, 1, 9, 7, 3, 5, 0, 10, 12, 8, 11, 13, 2]",455
4,100,100,1.0,0.1,"[4, 6, 14, 1, 9, 7, 3, 5, 0, 10, 12, 8, 11, 13, 2]",455
4,100,100,1.0,0.1,"[4, 6, 14, 1, 9, 7, 3, 5, 0, 10, 12, 8, 11, 13, 2]",455
4,100,100,1.0,0.1,"[4, 6, 14, 1, 9, 7, 3, 5, 0, 10, 12, 8, 11, 13, 2]",455
4,100,100,1.0,0.1,"[4, 6, 14, 1, 9, 7, 3, 5, 0, 10, 12, 8, 11, 13, 2]",455
4,100,100,1.0,0.1,"[4, 6, 14, 1, 9, 7, 3, 5, 0, 10, 12, 8, 11, 13, 2]",455
4,100,100,1.0,0.1,"[4, 6, 14, 1, 9, 7, 3, 5, 0, 10, 12, 8, 11, 13, 2]",455
4,100,100,1.0,0.1,"[4, 6, 14, 1, 9, 7, 3, 5, 0, 10, 12, 8, 11, 13, 2]",455
4,100,100,1.0,0.1,"[3, 1, 12, 14, 6, 2, 9, 4, 8, 7, 5, 13, 11, 0, 10]",452
4,100,100,1.0,0.1,"[3, 1, 12, 14, 6, 2, 9, 4, 8, 7, 5, 13, 11, 0, 10]",452
4,100,100,1.0,0.1,"[10, 9, 2, 11, 13, 3, 7, 5, 1, 6, 8, 4, 14, 12, 0]",437
4,100,100,1.0,0.1,"[10, 9, 2, 11, 13, 3, 7, 5, 1, 6, 8, 4, 14, 12, 0]",437
4,100,100,1.0,0.1,"[10, 9, 2, 11, 13, 3, 7, 5, 1, 6, 8, 4, 14, 12, 0]",437
4,100,100,1.0,0.1,"[10, 9, 2, 11, 13, 3, 7, 5, 1, 6, 8, 4, 14, 12, 0]",437
4,100,100,1.0,0.1,"[10, 9, 2, 11, 13, 3, 7, 5, 1, 6, 8, 4, 14, 12, 0]",437
4,100,100,1.0,0.1,"[10, 9, 2, 11, 13, 3, 7, 5, 1, 6, 8, 4, 14, 12, 0]",437
4,100,100,1.0,0.1,"[10, 9, 2, 11, 13, 3, 7, 5, 1, 6, 8, 4, 14, 12, 0]",437
4,100,100,1.0,0.1,"[10, 9, 2, 11, 13, 3, 7, 5, 1, 6, 8, 4, 14, 12, 0]",437
4,100,100,1.0,0.1,"[10, 9, 2, 11, 13, 3, 7, 5, 1, 6, 8, 4, 14, 12, 0]",437
4,100,100,1.0,0.1,"[10, 9, 2, 11, 13, 3, 7, 5, 1, 6, 8, 4, 14, 12, 0]",437
4,100,100,1.0,0.1,"[10, 9, 2, 11, 13, 3, 7, 5, 1, 6, 8, 4, 14, 12, 0]",437
4,100,100,1.0,0.1,"[10, 9, 2, 11, 13, 3, 7, 5, 1, 6, 8, 4, 14, 12, 0]",437
4,100,100,1.0,0.1,"[10, 9, 2, 11, 13, 3, 7, 5, 1, 6, 8, 4, 14, 12, 0]",437
4,100,100,1.0,0.1,"[10, 9, 2, 11, 13, 3, 7, 5, 1, 6, 8, 4, 14, 12, 0]",437
4,100,100,1.0,0.1,"[10, 9, 2, 11, 13, 3, 7, 5, 1, 6, 8, 4, 14, 12, 0]",437
4,100,100,1.0,0.1,"[10, 9, 2, 11, 13, 3, 7, 5, 1, 6, 8, 4, 14, 12, 0]",437
4,100,100,1.0,0.1,"[10, 9, 2, 11, 13, 3, 5, 7, 1, 6, 8, 4, 14, 12, 0]",401
4,100,100,1.0,0.1,"[10, 9, 2, 11, 13, 3, 5, 7, 1, 6, 8, 4, 14, 12, 0]",401
4,100,100,1.0,0.1,"[10, 9, 2, 11, 13, 3, 5, 7, 1, 6, 8, 4, 14, 12, 0]",401
4,100,100,1.0,0.1,"[10, 9, 2, 11, 13, 3, 5, 7, 1, 6, 8, 4, 14, 12, 0]",401
4,100,100,1.0,0.1,"[10, 9, 2, 11, 13, 3, 5, 7, 1, 6, 8, 4, 14, 12, 0]",401
4,100,100,1.0,0.1,"[10, 9, 2, 11, 13, 3, 5, 7, 1, 6, 8, 4, 14, 12, 0]",401
4,100,100,1.0,0.1,"[10, 9, 2, 11, 13, 3, 5, 7, 1, 6, 8, 4, 14, 12, 0]",401
4,100,100,1.0,0.1,"[10, 9, 2, 11, 13, 3, 5, 7, 1, 6, 8, 4, 14, 12, 0]",401
4,100,100,1.0,0.1,"[10, 9, 2, 11, 13, 3, 5, 7, 1, 6, 8, 4, 14, 12, 0]",401
4,100,100,1.0,0.1,"[10, 9, 2, 11, 13, 3, 5, 7, 1, 6, 8, 4, 14, 12, 0]",401
4,100,100,1.0,0.1,"[10, 9, 2, 11, 13, 3, 5, 7, 1, 6, 8, 4, 14, 12, 0]",401
4,100,100,1.0,0.1,"[10, 9, 2, 11, 13, 3, 5, 7, 1, 6, 8, 4, 14, 12, 0]",401
4,100,100,1.0,0.1,"[10, 9, 2, 11, 13, 3, 5, 7, 1, 6, 8, 4, 14, 12, 0]",401
4,100,100,1.0,0.1,"[10, 9, 2, 11, 13, 3, 5, 7, 1, 6, 8, 4, 14, 12, 0]",401
4,100,100,1.0,0.1,"[10, 9, 2, 11, 13, 3, 5, 7, 1, 6, 8, 4, 14, 12, 0]",401
4,100,100,1.0,0.1,"[10, 9, 2, 11, 13, 3, 5, 7, 1, 6, 8, 4, 14, 12, 0]",401
4,100,100,1.0,0.1,"[10, 9, 2, 11, 13, 3, 5, 7, 1, 6, 8, 4, 14, 12, 0]",401
4,100,100,1.0,0.1,"[10, 9, 2, 11, 13, 3, 5, 7, 1, 6, 8, 4, 14, 12, 0]",401
4,100,100,1.0,0.1,"[10, 9, 2, 11, 13, 3, 5, 7, 1, 6, 8, 4, 14, 12, 0]",401
4,100,100,1.0,0.1,"[10, 9, 2, 11, 13, 3, 5, 7, 1, 6, 8, 4, 14, 12, 0]",401
4,100,100,1.0,0.1,"[10, 9, 2, 11, 13, 3, 5, 7, 1, 6, 8, 4, 14, 12, 0]",401
4,100,100,1.0,0.1,"[10, 9, 2, 11, 13, 3, 5, 7, 1, 6, 8, 4, 14, 12, 0]",401
4,100,100,1.0,0.1,"[10, 9, 2, 11, 13, 3, 5, 7, 1, 6, 8, 4, 14, 12, 0]",401
4,100,100,1.0,0.1,"[10, 9, 2, 11, 13, 3, 5, 7, 1, 6, 8, 4, 14, 12, 0]",401
4,100,100,1.0,0.1,"[10, 9, 2, 11, 13, 3, 5, 7, 1, 6, 8, 4, 14, 12, 0]",401
4,100,100,1.0,0.1,"[10, 9, 2, 11, 13, 3, 5, 7, 1, 6, 8, 4, 14, 12, 0]",401
4,100,100,1.0,0.1,"[10, 9, 2, 11, 13, 3, 5, 7, 1, 6, 8, 4, 14, 12, 0]",401
4,100,100,1.0,0.1,"[10, 9, 2, 11, 13, 3, 5, 7, 1, 6, 8, 4, 14, 12, 0]",401
4,100,100,1.0,0.1,"[10, 9, 2, 11, 13, 3, 5, 7, 1, 6, 8, 4, 14, 12, 0]",401
4,100,100,1.0,0.1,"[10, 9, 2, 11, 13, 3, 5, 7, 1, 6, 8, 4, 14, 12, 0]",401
4,100,100,1.0,0.1,"[10, 9, 2, 11, 13, 3, 5, 7, 1, 6, 8, 4, 14, 12, 0]",401
4,100,100,1.0,0.1,"[10, 9, 2, 11, 13, 3, 5, 7, 1, 6, 8, 4, 14, 12, 0]",401
4,100,100,1.0,0.1,"[10, 9, 2, 11, 13, 3, 5, 7, 1, 6, 8, 4, 14, 12, 0]",401
4,100,100,1.0,0.1,"[10, 9, 2, 11, 13, 3, 5, 7, 1, 6, 8, 4, 14, 12, 0]",401
4,100,100,1.0,0.1,"[10, 9, 2, 11, 13, 3, 5, 7, 1, 6, 8, 4, 14, 12, 0]",401
4,100,100,1.0,0.1,"[10, 9, 2, 11, 13, 3, 5, 7, 1, 6, 8, 4, 14, 12, 0]",401
4,100,100,1.0,0.1,"[10, 9, 2, 11, 13, 3, 5, 7, 1, 6, 8, 4, 14, 12, 0]",401
5,100,100,1.0,0.1,"[14, 13, 9, 2, 11, 5, 10, 3, 0, 1, 12, 8, 7, 4, 6]",479
5,100,100,1.0,0.1,"[14, 13, 9, 2, 11, 5, 10, 3, 0, 1, 12, 8, 7, 4, 6]",479
5,100,100,1.0,0.1,"[14, 13, 9, 2, 11, 5, 10, 3, 0, 1, 12, 8, 7, 4, 6]",479
5,100,100,1.0,0.1,"[14, 13, 9, 2, 11, 5, 10, 3, 0, 1, 12, 8, 7, 4, 6]",479
5,100,100,1.0,0.1,"[13, 11, 6, 4, 10, 7, 3, 5, 9, 14, 12, 0, 1, 8, 2]",474
5,100,100,1.0,0.1,"[13, 11, 6, 4, 10, 7, 3, 5, 9, 14, 12, 0, 1, 8, 2]",474
5,100,100,1.0,0.1,"[13, 11, 6, 4, 10, 7, 3, 5, 9, 14, 12, 0, 1, 8, 2]",474
5,100,100,1.0,0.1,"[13, 11, 6, 4, 10, 7, 3, 5, 9, 14, 12, 0, 1, 8, 2]",474
5,100,100,1.0,0.1,"[13, 11, 6, 4, 10, 7, 3, 5, 9, 14, 12, 0, 1, 8, 2]",474
5,100,100,1.0,0.1,"[13, 11, 6, 4, 10, 7, 3, 5, 9, 14, 12, 0, 1, 8, 2]",474
5,100,100,1.0,0.1,"[13, 11, 6, 4, 10, 7, 3, 5, 9, 14, 12, 0, 1, 8, 2]",474
5,100,100,1.0,0.1,"[13, 11, 6, 4, 10, 7, 3, 5, 9, 14, 12, 0, 1, 8, 2]",474
5,100,100,1.0,0.1,"[13, 11, 6, 4, 10, 7, 3, 5, 9, 14, 12, 0, 1, 8, 2]",474
5,100,100,1.0,0.1,"[13, 11, 6, 4, 10, 7, 3, 5, 9, 14, 12, 0, 1, 8, 2]",474
5,100,100,1.0,0.1,"[13, 11, 6, 4, 10, 7, 3, 5, 9, 14, 12, 0, 1, 8, 2]",474
5,100,100,1.0,0.1,"[13, 11, 6, 4, 10, 7, 3, 5, 9, 14, 12, 0, 1, 8, 2]",474
5,100,100,1.0,0.1,"[0, 1, 14, 7, 10, 3, 5, 12, 9, 11, 13, 2, 4, 6, 8]",458
5,100,100,1.0,0.1,"[0, 1, 14, 7, 10, 3, 5, 12, 9, 11, 13, 2, 4, 6, 8]",458
5,100,100,1.0,0.1,"[0, 1, 14, 7, 10, 3, 5, 12, 9, 11, 13, 2, 4, 6, 8]",458
5,100,100,1.0,0.1,"[0, 1, 14, 7, 10, 3, 5, 12, 9, 11, 13, 2, 4, 6, 8]",458
5,100,100,1.0,0.1,"[0, 1, 7, 10, 3, 5, 14, 12, 9, 11, 13, 2, 4, 6, 8]",454
5,100,100,1.0,0.1,"[0, 1, 7, 10, 3, 5, 14, 12, 9, 11, 13, 2, 4, 6, 8]",454
5,100,100,1.0,0.1,"[0, 1, 7, 10, 3, 5, 14, 12, 9, 11, 13, 2, 4, 6, 8]",454
5,100,100,1.0,0.1,"[0, 1, 7, 10, 3, 5, 14, 12, 9, 11, 13, 2, 4, 6, 8]",454
5,100,100,1.0,0.1,"[0, 1, 7, 10, 3, 5, 14, 12, 9, 11, 13, 2, 4, 6, 8]",454
5,100,100,1.0,0.1,"[0, 1, 7, 10, 3, 5, 14, 12, 9, 11, 13, 2, 4, 6, 8]",454
5,100,100,1.0,0.1,"[0, 1, 7, 10, 3, 5, 14, 12, 9, 11, 13, 2, 4, 6, 8]",454
5,100,100,1.0,0.1,"[0, 1, 7, 10, 3, 5, 14, 12, 9, 11, 13, 2, 4, 6, 8]",454
5,100,100,1.0,0.1,"[0, 1, 7, 10, 3, 5, 14, 12, 9, 11, 13, 2, 4, 6, 8]",454
5,100,100,1.0,0.1,"[0, 1, 7, 10, 3, 5, 14, 12, 9, 11, 13, 2, 4, 6, 8]",454
5,100,100,1.0,0.1,"[0, 1, 7, 10, 3, 5, 14, 12, 9, 11, 13, 2, 4, 6, 8]",454
5,100,100,1.0,0.1,"[0, 1, 7, 10, 3, 5, 14, 12, 9, 11, 13, 2, 4, 6, 8]",454
5,100,100,1.0,0.1,"[12, 1, 7, 10, 3, 5, 14, 0, 9, 11, 13, 2, 4, 6, 8]",451
5,100,100,1.0,0.1,"[12, 1, 7, 10, 3, 5, 14, 0, 9, 11, 13, 2, 4, 6, 8]",451
5,100,100,1.0,0.1,"[12, 1, 7, 10, 3, 5, 14, 0, 9, 11, 13, 2, 4, 6, 8]",451
5,100,100,1.0,0.1,"[12, 1, 7, 10, 3, 5, 14, 0, 9, 11, 13, 2, 4, 6, 8]",451
5,100,100,1.0,0.1,"[12, 1, 7, 10, 3, 5, 14, 0, 9, 11, 13, 2, 4, 6, 8]",451
5,100,100,1.0,0.1,"[12, 1, 7, 10, 3, 5, 14, 0, 9, 11, 13, 2, 4, 6, 8]",451
5,100,100,1.0,0.1,"[12, 1, 7, 10, 3, 5, 14, 0, 9, 11, 13, 2, 4, 6, 8]",451
5,100,100,1.0,0.1,"[12, 1, 7, 10, 3, 5, 14, 0, 9, 11, 13, 2, 4, 6, 8]",451
5,100,100,1.0,0.1,"[12, 1, 7, 10, 3, 5, 14, 0, 9, 11, 13, 2, 4, 6, 8]",451
5,100,100,1.0,0.1,"[12, 1, 7, 10, 3, 5, 14, 0, 9, 11, 13, 2, 4, 6, 8]",451
5,100,100,1.0,0.1,"[12, 1, 7, 10, 3, 5, 14, 0, 9, 11, 13, 2, 4, 6, 8]",451
5,100,100,1.0,0.1,"[12, 1, 7, 10, 3, 5, 14, 0, 9, 11, 13, 2, 4, 6, 8]",451
5,100,100,1.0,0.1,"[12, 1, 7, 10, 3, 5, 14, 0, 9, 11, 13, 2, 4, 6, 8]",451
5,100,100,1.0,0.1,"[12, 1, 7, 10, 3, 5, 14, 0, 9, 11, 13, 2, 4, 6, 8]",451
5,100,100,1.0,0.1,"[12, 1, 7, 10, 3, 5, 14, 0, 9, 11, 13, 2, 4, 6, 8]",451
5,100,100,1.0,0.1,"[12, 1, 7, 10, 3, 5, 14, 0, 9, 11, 13, 2, 4, 6, 8]",451
5,100,100,1.0,0.1,"[12, 1, 7, 10, 3, 5, 14, 0, 9, 11, 13, 2, 4, 6, 8]",451
5,100,100,1.0,0.1,"[12, 1, 7, 10, 3, 5, 14, 0, 9, 11, 13, 2, 4, 6, 8]",451
5,100,100,1.0,0.1,"[12, 1, 7, 10, 3, 5, 14, 0, 9, 11, 13, 2, 4, 6, 8]",451
5,100,100,1.0,0.1,"[12, 1, 7, 10, 3, 5, 14, 0, 9, 11, 13, 2, 4, 6, 8]",451
5,100,100,1.0,0.1,"[12, 1, 7, 10, 3, 5, 14, 0, 9, 11, 13, 2, 4, 6, 8]",451
5,100,100,1.0,0.1,"[12, 1, 7, 10, 3, 5, 14, 0, 9, 11, 13, 2, 4, 6, 8]",451
5,100,100,1.0,0.1,"[12, 1, 7, 10, 3, 5, 14, 0, 9, 11, 13, 2, 4, 6, 8]",451
5,100,100,1.0,0.1,"[12, 1, 7, 10, 3, 5, 14, 0, 9, 11, 13, 2, 4, 6, 8]",451
5,100,100,1.0,0.1,"[12, 1, 7, 10, 3, 5, 14, 0, 9, 11, 13, 2, 4, 6, 8]",451
5,100,100,1.0,0.1,"[12, 1, 7, 10, 3, 5, 14, 0, 9, 11, 13, 2, 4, 6, 8]",451
5,100,100,1.0,0.1,"[12, 1, 7, 10, 3, 5, 14, 0, 9, 11, 13, 2, 4, 6, 8]",451
5,100,100,1.0,0.1,"[12, 1, 7, 10, 3, 5, 14, 0, 9, 11, 13, 2, 4, 6, 8]",451
5,100,100,1.0,0.1,"[12, 1, 7, 10, 3, 5, 14, 0, 9, 11, 13, 2, 4, 6, 8]",451
5,100,100,1.0,0.1,"[12, 1, 7, 10, 3, 5, 14, 0, 9, 11, 13, 2, 4, 6, 8]",451
5,100,100,1.0,0.1,"[12, 1, 7, 10, 3, 5, 14, 0, 9, 11, 13, 2, 4, 6, 8]",451
5,100,100,1.0,0.1,"[12, 1, 7, 10, 3, 5, 14, 0, 9, 11, 13, 2, 4, 6, 8]",451
5,100,100,1.0,0.1,"[12, 1, 7, 10, 3, 5, 14, 0, 9, 11, 13, 2, 4, 6, 8]",451
5,100,100,1.0,0.1,"[12, 1, 7, 10, 3, 5, 14, 0, 9, 11, 13, 2, 4, 6, 8]",451
5,100,100,1.0,0.1,"[12, 1, 7, 10, 3, 5, 14, 0, 9, 11, 13, 2, 4, 6, 8]",451
5,100,100,1.0,0.1,"[12, 1, 7, 10, 3, 5, 14, 0, 9, 11, 13, 2, 4, 6, 8]",451
5,100,100,1.0,0.1,"[12, 1, 7, 10, 3, 5, 14, 0, 9, 11, 13, 2, 4, 6, 8]",451
5,100,100,1.0,0.1,"[12, 1, 7, 10, 3, 5, 14, 0, 9, 11, 13, 2, 4, 6, 8]",451
5,100,100,1.0,0.1,"[12, 1, 7, 10, 3, 5, 14, 0, 9, 11, 13, 2, 4, 6, 8]",451
5,100,100,1.0,0.1,"[12, 1, 7, 10, 3, 5, 14, 0, 9, 11, 13, 2, 4, 6, 8]",451
5,100,100,1.0,0.1,"[12, 1, 7, 10, 3, 5, 14, 0, 9, 11, 13, 2, 4, 6, 8]",451
5,100,100,1.0,0.1,"[12, 1, 7, 10, 3, 5, 14, 0, 9, 11, 13, 2, 4, 6, 8]",451
5,100,100,1.0,0.1,"[12, 1, 7, 10, 3, 5, 14, 0, 9, 11, 13, 2, 4, 6, 8]",451
5,100,100,1.0,0.1,"[12, 1, 7, 10, 3, 5, 14, 0, 9, 11, 13, 2, 4, 6, 8]",451
5,100,100,1.0,0.1,"[12, 1, 7, 10, 3, 5, 14, 0, 9, 11, 13, 2, 4, 6, 8]",451
5,100,100,1.0,0.1,"[12, 1, 7, 10, 3, 5, 14, 0, 9, 11, 13, 2, 4, 6, 8]",451
5,100,100,1.0,0.1,"[12, 1, 7, 10, 3, 5, 14, 0, 9, 11, 13, 2, 4, 6, 8]",451
5,100,100,1.0,0.1,"[12, 1, 7, 10, 3, 5, 14, 0, 9, 11, 13, 2, 4, 6, 8]",451
5,100,100,1.0,0.1,"[12, 1, 7, 10, 3, 5, 14, 0, 9, 11, 13, 2, 4, 6, 8]",451
5,100,100,1.0,0.1,"[12, 1, 7, 10, 3, 5, 14, 0, 9, 11, 13, 2, 4, 6, 8]",451
5,100,100,1.0,0.1,"[9, 6, 7, 10, 3, 5, 11, 2, 8, 4, 14, 1, 0, 12, 13]",447
5,100,100,1.0,0.1,"[9, 6, 7, 10, 3, 5, 11, 2, 8, 4, 14, 1, 0, 12, 13]",447
5,100,100,1.0,0.1,"[9, 6, 7, 10, 3, 5, 11, 2, 8, 4, 14, 1, 0, 12, 13]",447
5,100,100,1.0,0.1,"[6, 2, 11, 13, 5, 0, 10, 3, 12, 7, 1, 8, 9, 4, 14]",447
5,100,100,1.0,0.1,"[6, 2, 11, 13, 5, 0, 10, 3, 12, 7, 1, 8, 9, 4, 14]",447
5,100,100,1.0,0.1,"[6, 2, 11, 13, 5, 0, 10, 3, 12, 7, 1, 8, 9, 4, 14]",447
5,100,100,1.0,0.1,"[6, 2, 11, 13, 5, 0, 10, 3, 12, 7, 1, 8, 9, 4, 14]",447
5,100,100,1.0,0.1,"[6, 2, 11, 13, 5, 0, 10, 3, 12, 7, 1, 8, 9, 4, 14]",447
5,100,100,1.0,0.1,"[12, 0, 10, 5, 3, 4, 14, 8, 7, 9, 2, 6, 11, 13, 1]",427
5,100,100,1.0,0.1,"[12, 0, 10, 5, 3, 4, 14, 8, 7, 9, 2, 6, 11, 13, 1]",427
5,100,100,1.0,0.1,"[12, 0, 10, 5, 3, 4, 14, 8, 7, 9, 2, 6, 11, 13, 1]",427
5,100,100,1.0,0.1,"[12, 0, 10, 5, 3, 4, 14, 8, 7, 9, 2, 6, 11, 13, 1]",427
5,100,100,1.0,0.1,"[12, 0, 10, 5, 3, 4, 14, 8, 7, 9, 2, 6, 11, 13, 1]",427
5,100,100,1.0,0.1,"[12, 0, 10, 5, 3, 4, 14, 8, 7, 9, 2, 6, 11, 13, 1]",427
5,100,100,1.0,0.1,"[12, 0, 10, 5, 3, 4, 14, 8, 7, 9, 2, 6, 11, 13, 1]",427
5,100,100,1.0,0.1,"[12, 0, 10, 5, 3, 4, 14, 8, 7, 9, 2, 6, 11, 13, 1]",427
5,100,100,1.0,0.1,"[12, 0, 10, 5, 3, 4, 14, 8, 7, 9, 2, 6, 11, 13, 1]",427
5,100,100,1.0,0.1,"[12, 0, 10, 5, 3, 4, 14, 8, 7, 9, 2, 6, 11, 13, 1]",427
6,100,100,1.0,0.1,"[8, 14, 6, 9, 12, 7, 11, 13, 4, 0, 1, 10, 5, 3, 2]",553
6,100,100,1.0,0.1,"[9, 5, 12, 0, 4, 8, 14, 7, 3, 10, 1, 11, 13, 6, 2]",495
6,100,100,1.0,0.1,"[9, 5, 12, 0, 4, 8, 14, 7, 3, 10, 1, 11, 13, 6, 2]",495
6,100,100,1.0,0.1,"[9, 5, 12, 0, 4, 8, 14, 7, 3, 10, 1, 11, 13, 6, 2]",495
6,100,100,1.0,0.1,"[9, 5, 12, 0, 4, 8, 14, 7, 3, 10, 1, 11, 13, 6, 2]",495
6,100,100,1.0,0.1,"[9, 5, 12, 0, 4, 8, 14, 7, 3, 10, 1, 11, 13, 6, 2]",495
6,100,100,1.0,0.1,"[2, 1, 12, 0, 4, 8, 14, 7, 3, 10, 13, 11, 9, 5, 6]",484
6,100,100,1.0,0.1,"[2, 1, 12, 0, 4, 8, 14, 7, 3, 10, 13, 11, 9, 5, 6]",484
6,100,100,1.0,0.1,"[2, 1, 12, 0, 4, 8, 14, 7, 3, 10, 13, 11, 9, 5, 6]",484
6,100,100,1.0,0.1,"[4, 14, 2, 13, 5, 7, 0, 12, 10, 3, 9, 11, 6, 1, 8]",472
6,100,100,1.0,0.1,"[4, 14, 2, 13, 5, 7, 0, 12, 10, 3, 9, 11, 6, 1, 8]",472
6,100,100,1.0,0.1,"[4, 14, 2, 13, 5, 7, 0, 12, 10, 3, 9, 11, 6, 1, 8]",472
6,100,100,1.0,0.1,"[4, 14, 2, 13, 5, 7, 0, 12, 10, 3, 9, 11, 6, 1, 8]",472
6,100,100,1.0,0.1,"[4, 14, 2, 13, 5, 7, 0, 12, 10, 3, 9, 11, 6, 1, 8]",472
6,100,100,1.0,0.1,"[4, 14, 2, 13, 5, 7, 0, 12, 10, 3, 9, 11, 6, 1, 8]",472
6,100,100,1.0,0.1,"[4, 14, 2, 13, 5, 7, 0, 12, 10, 3, 9, 11, 6, 1, 8]",472
6,100,100,1.0,0.1,"[4, 14, 2, 13, 5, 7, 0, 12, 10, 3, 9, 11, 6, 1, 8]",472
6,100,100,1.0,0.1,"[4, 14, 2, 13, 5, 7, 0, 12, 10, 3, 9, 11, 6, 1, 8]",472
6,100,100,1.0,0.1,"[4, 14, 2, 13, 5, 7, 0, 12, 10, 3, 9, 11, 6, 1, 8]",472
6,100,100,1.0,0.1,"[4, 14, 2, 13, 5, 7, 0, 12, 10, 3, 9, 11, 6, 1, 8]",472
6,100,100,1.0,0.1,"[4, 14, 2, 13, 5, 7, 0, 12, 10, 3, 9, 11, 6, 1, 8]",472
6,100,100,1.0,0.1,"[4, 14, 2, 13, 5, 7, 0, 12, 10, 3, 9, 11, 6, 1, 8]",472
6,100,100,1.0,0.1,"[4, 14, 2, 13, 5, 7, 0, 12, 10, 3, 9, 11, 6, 1, 8]",472
6,100,100,1.0,0.1,"[4, 14, 2, 13, 5, 7, 0, 12, 10, 3, 9, 11, 6, 1, 8]",472
6,100,100,1.0,0.1,"[7, 9, 11, 13, 5, 1, 0, 12, 10, 3, 4, 2, 6, 14, 8]",462
6,100,100,1.0,0.1,"[7, 9, 11, 13, 5, 1, 0, 12, 10, 3, 4, 2, 6, 14, 8]",462
6,100,100,1.0,0.1,"[3, 0, 1, 12, 4, 14, 8, 7, 10, 13, 11, 6, 2, 9, 5]",441
6,100,100,1.0,0.1,"[3, 0, 1, 12, 4, 14, 8, 7, 10, 13, 11, 6, 2, 9, 5]",441
6,100,100,1.0,0.1,"[3, 0, 1, 12, 4, 14, 8, 7, 10, 13, 11, 6, 2, 9, 5]",441
6,100,100,1.0,0.1,"[3, 0, 1, 12, 4, 14, 8, 7, 10, 13, 11, 6, 2, 9, 5]",441
6,100,100,1.0,0.1,"[3, 0, 1, 12, 4, 14, 8, 7, 10, 13, 11, 6, 2, 9, 5]",441
6,100,100,1.0,0.1,"[3, 0, 1, 12, 4, 14, 8, 7, 10, 13, 11, 6, 2, 9, 5]",441
6,100,100,1.0,0.1,"[3, 0, 1, 12, 4, 14, 8, 7, 10, 13, 11, 6, 2, 9, 5]",441
6,100,100,1.0,0.1,"[3, 0, 1, 12, 4, 14, 8, 7, 10, 13, 11, 6, 2, 9, 5]",441
6,100,100,1.0,0.1,"[3, 0, 1, 12, 4, 14, 8, 7, 10, 13, 11, 6, 2, 9, 5]",441
6,100,100,1.0,0.1,"[3, 0, 1, 12, 4, 14, 8, 7, 10, 13, 11, 6, 2, 9, 5]",441
6,100,100,1.0,0.1,"[3, 0, 1, 12, 4, 14, 8, 7, 10, 13, 11, 6, 2, 9, 5]",441
6,100,100,1.0,0.1,"[3, 0, 1, 12, 4, 14, 8, 7, 10, 13, 11, 6, 2, 9, 5]",441
6,100,100,1.0,0.1,"[3, 0, 1, 12, 4, 14, 8, 7, 10, 13, 11, 6, 2, 9, 5]",441
6,100,100,1.0,0.1,"[3, 0, 1, 12, 4, 14, 8, 7, 10, 13, 11, 6, 2, 9, 5]",441
6,100,100,1.0,0.1,"[3, 0, 1, 12, 4, 14, 8, 7, 10, 13, 11, 6, 2, 9, 5]",441
6,100,100,1.0,0.1,"[3, 0, 1, 12, 4, 14, 8, 7, 10, 13, 11, 6, 2, 9, 5]",441
6,100,100,1.0,0.1,"[3, 0, 1, 12, 4, 14, 8, 7, 10, 13, 11, 6, 2, 9, 5]",441
6,100,100,1.0,0.1,"[3, 0, 1, 12, 4, 14, 8, 7, 10, 13, 11, 6, 2, 9, 5]",441
6,100,100,1.0,0.1,"[3, 0, 1, 12, 4, 14, 8, 7, 10, 13, 11, 6, 2, 9, 5]",441
6,100,100,1.0,0.1,"[3, 0, 1, 12, 4, 14, 8, 7, 10, 13, 11, 6, 2, 9, 5]",441
6,100,100,1.0,0.1,"[3, 0, 1, 12, 4, 14, 8, 7, 10, 13, 11, 6, 2, 9, 5]",441
6,100,100,1.0,0.1,"[3, 0, 1, 12, 4, 14, 8, 7, 10, 13, 11, 6, 2, 9, 5]",441
6,100,100,1.0,0.1,"[3, 0, 1, 12, 4, 14, 8, 7, 10, 13, 11, 6, 2, 9, 5]",441
6,100,100,1.0,0.1,"[3, 0, 1, 12, 4, 14, 8, 7, 10, 13, 11, 6, 2, 9, 5]",441
6,100,100,1.0,0.1,"[3, 0, 1, 12, 4, 14, 8, 7, 10, 13, 11, 6, 2, 9, 5]",441
6,100,100,1.0,0.1,"[3, 0, 1, 12, 4, 14, 8, 7, 10, 13, 11, 6, 2, 9, 5]",441
6,100,100,1.0,0.1,"[3, 0, 1, 12, 4, 14, 8, 7, 10, 13, 11, 6, 2, 9, 5]",441
6,100,100,1.0,0.1,"[3, 0, 1, 12, 4, 14, 8, 7, 10, 13, 11, 6, 2, 9, 5]",441
6,100,100,1.0,0.1,"[3, 0, 1, 12, 4, 14, 8, 7, 10, 13, 11, 6, 2, 9, 5]",441
6,100,100,1.0,0.1,"[3, 0, 1, 12, 4, 14, 8, 7, 10, 13, 11, 6, 2, 9, 5]",441
6,100,100,1.0,0.1,"[3, 0, 1, 12, 4, 14, 8, 7, 10, 13, 11, 6, 2, 9, 5]",441
6,100,100,1.0,0.1,"[3, 0, 1, 12, 4, 14, 8, 7, 10, 13, 11, 6, 2, 9, 5]",441
6,100,100,1.0,0.1,"[3, 0, 1, 12, 4, 14, 8, 7, 10, 13, 11, 6, 2, 9, 5]",441
6,100,100,1.0,0.1,"[3, 0, 1, 12, 4, 14, 8, 7, 10, 13, 11, 6, 2, 9, 5]",441
6,100,100,1.0,0.1,"[3, 0, 1, 12, 4, 14, 8, 7, 10, 13, 11, 6, 2, 9, 5]",441
6,100,100,1.0,0.1,"[3, 0, 1, 12, 4, 14, 8, 7, 10, 13, 11, 6, 2, 9, 5]",441
6,100,100,1.0,0.1,"[3, 0, 1, 12, 4, 14, 8, 7, 10, 13, 11, 6, 2, 9, 5]",441
6,100,100,1.0,0.1,"[3, 0, 1, 12, 4, 14, 8, 7, 10, 13, 11, 6, 2, 9, 5]",441
6,100,100,1.0,0.1,"[3, 0, 1, 12, 4, 14, 8, 7, 10, 13, 11, 6, 2, 9, 5]",441
6,100,100,1.0,0.1,"[3, 0, 1, 12, 4, 14, 8, 7, 10, 13, 11, 6, 2, 9, 5]",441
6,100,100,1.0,0.1,"[3, 0, 1, 12, 4, 14, 8, 7, 10, 13, 11, 6, 2, 9, 5]",441
6,100,100,1.0,0.1,"[3, 0, 1, 12, 4, 14, 8, 7, 10, 13, 11, 6, 2, 9, 5]",441
6,100,100,1.0,0.1,"[3, 0, 1, 12, 4, 14, 8, 7, 10, 13, 11, 6, 2, 9, 5]",441
6,100,100,1.0,0.1,"[3, 0, 1, 12, 4, 14, 8, 7, 10, 13, 11, 6, 2, 9, 5]",441
6,100,100,1.0,0.1,"[3, 0, 1, 12, 4, 14, 8, 7, 10, 13, 11, 6, 2, 9, 5]",441
6,100,100,1.0,0.1,"[3, 0, 1, 12, 4, 14, 8, 7, 10, 13, 11, 6, 2, 9, 5]",441
6,100,100,1.0,0.1,"[3, 0, 1, 12, 4, 14, 8, 7, 10, 13, 11, 6, 2, 9, 5]",441
6,100,100,1.0,0.1,"[3, 0, 1, 12, 4, 14, 8, 7, 10, 13, 11, 6, 2, 9, 5]",441
6,100,100,1.0,0.1,"[3, 0, 1, 12, 4, 14, 8, 7, 10, 13, 11, 6, 2, 9, 5]",441
6,100,100,1.0,0.1,"[3, 0, 1, 12, 4, 14, 8, 7, 10, 13, 11, 6, 2, 9, 5]",441
6,100,100,1.0,0.1,"[7, 14, 8, 4, 1, 12, 0, 3, 10, 13, 11, 6, 2, 9, 5]",425
6,100,100,1.0,0.1,"[7, 14, 8, 4, 1, 12, 0, 3, 10, 13, 11, 6, 2, 9, 5]",425
6,100,100,1.0,0.1,"[7, 14, 8, 4, 1, 12, 0, 3, 10, 13, 11, 6, 2, 9, 5]",425
6,100,100,1.0,0.1,"[7, 14, 8, 4, 1, 12, 0, 3, 10, 13, 11, 6, 2, 9, 5]",425
6,100,100,1.0,0.1,"[7, 14, 8, 4, 1, 12, 0, 3, 10, 13, 11, 6, 2, 9, 5]",425
6,100,100,1.0,0.1,"[7, 14, 8, 4, 1, 12, 0, 3, 10, 13, 11, 6, 2, 9, 5]",425
6,100,100,1.0,0.1,"[7, 14, 8, 4, 1, 12, 0, 3, 10, 13, 11, 6, 2, 9, 5]",425
6,100,100,1.0,0.1,"[7, 14, 8, 4, 1, 12, 0, 3, 10, 13, 11, 6, 2, 9, 5]",425
6,100,100,1.0,0.1,"[7, 14, 8, 4, 1, 12, 0, 3, 10, 13, 11, 6, 2, 9, 5]",425
6,100,100,1.0,0.1,"[7, 14, 8, 4, 1, 12, 0, 3, 10, 13, 11, 6, 2, 9, 5]",425
6,100,100,1.0,0.1,"[7, 14, 8, 4, 1, 12, 0, 3, 10, 13, 11, 6, 2, 9, 5]",425
6,100,100,1.0,0.1,"[7, 14, 8, 4, 1, 12, 0, 3, 10, 13, 11, 6, 2, 9, 5]",425
6,100,100,1.0,0.1,"[7, 14, 8, 4, 1, 12, 0, 3, 10, 13, 11, 6, 2, 9, 5]",425
6,100,100,1.0,0.1,"[7, 14, 8, 4, 1, 12, 0, 3, 10, 13, 11, 6, 2, 9, 5]",425
6,100,100,1.0,0.1,"[7, 14, 8, 4, 1, 12, 0, 3, 10, 13, 11, 6, 2, 9, 5]",425
6,100,100,1.0,0.1,"[7, 14, 8, 4, 1, 12, 0, 3, 10, 13, 11, 6, 2, 9, 5]",425
6,100,100,1.0,0.1,"[7, 14, 8, 4, 1, 12, 0, 3, 10, 13, 11, 6, 2, 9, 5]",425
6,100,100,1.0,0.1,"[7, 14, 8, 4, 1, 12, 0, 3, 10, 13, 11, 6, 2, 9, 5]",425
6,100,100,1.0,0.1,"[7, 14, 8, 4, 1, 12, 0, 3, 10, 13, 11, 6, 2, 9, 5]",425
6,100,100,1.0,0.1,"[7, 14, 8, 4, 1, 12, 0, 3, 10, 13, 11, 6, 2, 9, 5]",425
6,100,100,1.0,0.1,"[7, 14, 8, 4, 1, 12, 0, 3, 10, 13, 11, 6, 2, 9, 5]",425
6,100,100,1.0,0.1,"[7, 14, 8, 4, 1, 12, 0, 3, 10, 13, 11, 6, 2, 9, 5]",425
6,100,100,1.0,0.1,"[7, 14, 8, 4, 1, 12, 0, 3, 10, 13, 11, 6, 2, 9, 5]",425
6,100,100,1.0,0.1,"[7, 14, 8, 4, 1, 12, 0, 3, 10, 13, 11, 6, 2, 9, 5]",425
7,100,100,1.0,0.1,"[10, 8, 2, 6, 4, 9, 11, 7, 5, 3, 13, 0, 12, 14, 1]",510
7,100,100,1.0,0.1,"[10, 8, 2, 6, 4, 9, 11, 7, 5, 3, 13, 0, 12, 14, 1]",510
7,100,100,1.0,0.1,"[1, 12, 0, 3, 13, 7, 9, 4, 8, 6, 10, 5, 11, 2, 14]",499
7,100,100,1.0,0.1,"[1, 12, 0, 3, 13, 7, 9, 4, 8, 6, 10, 5, 11, 2, 14]",499
7,100,100,1.0,0.1,"[1, 12, 0, 3, 13, 7, 9, 4, 8, 6, 10, 5, 11, 2, 14]",499
7,100,100,1.0,0.1,"[3, 0, 10, 11, 9, 13, 7, 5, 12, 1, 8, 14, 4, 6, 2]",471
7,100,100,1.0,0.1,"[3, 0, 10, 11, 9, 13, 7, 5, 12, 1, 8, 14, 4, 6, 2]",471
7,100,100,1.0,0.1,"[3, 0, 10, 11, 9, 13, 7, 5, 12, 1, 8, 14, 4, 6, 2]",471
7,100,100,1.0,0.1,"[3, 0, 10, 11, 9, 13, 7, 5, 12, 1, 8, 14, 4, 6, 2]",471
7,100,100,1.0,0.1,"[3, 0, 10, 11, 9, 13, 7, 5, 12, 1, 8, 14, 4, 6, 2]",471
7,100,100,1.0,0.1,"[3, 0, 10, 11, 9, 13, 7, 5, 12, 1, 8, 14, 4, 6, 2]",471
7,100,100,1.0,0.1,"[3, 0, 10, 11, 9, 13, 7, 5, 12, 1, 8, 14, 4, 6, 2]",471
7,100,100,1.0,0.1,"[3, 0, 10, 11, 9, 13, 7, 5, 12, 1, 8, 14, 4, 6, 2]",471
7,100,100,1.0,0.1,"[9, 11, 13, 3, 10, 7, 5, 12, 8, 14, 4, 6, 2, 1, 0]",455
7,100,100,1.0,0.1,"[9, 11, 13, 3, 10, 7, 5, 12, 8, 14, 4, 6, 2, 1, 0]",455
7,100,100,1.0,0.1,"[9, 1, 0, 3, 10, 7, 5, 12, 8, 14, 4, 6, 2, 11, 13]",402
7,100,100,1.0,0.1,"[9, 1, 0, 3, 10, 7, 5, 12, 8, 14, 4, 6, 2, 11, 13]",402
7,100,100,1.0,0.1,"[9, 1, 0, 3, 10, 7, 5, 12, 8, 14, 4, 6, 2, 11, 13]",402
7,100,100,1.0,0.1,"[9, 1, 0, 3, 10, 7, 5, 12, 8, 14, 4, 6, 2, 11, 13]",402
7,100,100,1.0,0.1,"[9, 1, 0, 3, 10, 7, 5, 12, 8, 14, 4, 6, 2, 11, 13]",402
7,100,100,1.0,0.1,"[9, 1, 0, 3, 10, 7, 5, 12, 8, 14, 4, 6, 2, 11, 13]",402
7,100,100,1.0,0.1,"[9, 1, 0, 3, 10, 7, 5, 12, 8, 14, 4, 6, 2, 11, 13]",402
7,100,100,1.0,0.1,"[9, 1, 0, 3, 10, 7, 5, 12, 8, 14, 4, 6, 2, 11, 13]",402
7,100,100,1.0,0.1,"[9, 1, 0, 3, 10, 7, 5, 12, 8, 14, 4, 6, 2, 11, 13]",402
7,100,100,1.0,0.1,"[9, 1, 0, 3, 10, 7, 5, 12, 8, 14, 4, 6, 2, 11, 13]",402
7,100,100,1.0,0.1,"[9, 1, 0, 3, 10, 7, 5, 12, 8, 14, 4, 6, 2, 11, 13]",402
7,100,100,1.0,0.1,"[9, 1, 0, 3, 10, 7, 5, 12, 8, 14, 4, 6, 2, 11, 13]",402
7,100,100,1.0,0.1,"[9, 1, 0, 3, 10, 7, 5, 12, 8, 14, 4, 6, 2, 11, 13]",402
7,100,100,1.0,0.1,"[9, 1, 0, 3, 10, 7, 5, 12, 8, 14, 4, 6, 2, 11, 13]",402
7,100,100,1.0,0.1,"[9, 1, 0, 3, 10, 7, 5, 12, 8, 14, 4, 6, 2, 11, 13]",402
7,100,100,1.0,0.1,"[9, 1, 0, 3, 10, 7, 5, 12, 8, 14, 4, 6, 2, 11, 13]",402
7,100,100,1.0,0.1,"[9, 1, 0, 3, 10, 7, 5, 12, 8, 14, 4, 6, 2, 11, 13]",402
7,100,100,1.0,0.1,"[9, 1, 0, 3, 10, 7, 5, 12, 8, 14, 4, 6, 2, 11, 13]",402
7,100,100,1.0,0.1,"[9, 1, 0, 3, 10, 7, 5, 12, 8, 14, 4, 6, 2, 11, 13]",402
7,100,100,1.0,0.1,"[9, 1, 0, 3, 10, 7, 5, 12, 8, 14, 4, 6, 2, 11, 13]",402
7,100,100,1.0,0.1,"[9, 1, 0, 3, 10, 7, 5, 12, 8, 14, 4, 6, 2, 11, 13]",402
7,100,100,1.0,0.1,"[9, 1, 0, 3, 10, 7, 5, 12, 8, 14, 4, 6, 2, 11, 13]",402
7,100,100,1.0,0.1,"[9, 1, 0, 3, 10, 7, 5, 12, 8, 14, 4, 6, 2, 11, 13]",402
7,100,100,1.0,0.1,"[9, 1, 0, 3, 10, 7, 5, 12, 8, 14, 4, 6, 2, 11, 13]",402
7,100,100,1.0,0.1,"[9, 1, 0, 3, 10, 7, 5, 12, 8, 14, 4, 6, 2, 11, 13]",402
7,100,100,1.0,0.1,"[9, 1, 0, 3, 10, 7, 5, 12, 8, 14, 4, 6, 2, 11, 13]",402
7,100,100,1.0,0.1,"[9, 1, 0, 3, 10, 7, 5, 12, 8, 14, 4, 6, 2, 11, 13]",402
7,100,100,1.0,0.1,"[9, 1, 0, 3, 10, 7, 5, 12, 8, 14, 4, 6, 2, 11, 13]",402
7,100,100,1.0,0.1,"[9, 1, 0, 3, 10, 7, 5, 12, 8, 14, 4, 6, 2, 11, 13]",402
7,100,100,1.0,0.1,"[9, 1, 0, 3, 10, 7, 5, 12, 8, 14, 4, 6, 2, 11, 13]",402
7,100,100,1.0,0.1,"[9, 1, 0, 3, 10, 7, 5, 12, 8, 14, 4, 6, 2, 11, 13]",402
7,100,100,1.0,0.1,"[9, 1, 0, 3, 10, 7, 5, 12, 8, 14, 4, 6, 2, 11, 13]",402
7,100,100,1.0,0.1,"[9, 1, 0, 3, 10, 7, 5, 12, 8, 14, 4, 6, 2, 11, 13]",402
7,100,100,1.0,0.1,"[9, 1, 0, 3, 10, 7, 5, 12, 8, 14, 4, 6, 2, 11, 13]",402
7,100,100,1.0,0.1,"[9, 1, 0, 3, 10, 7, 5, 12, 8, 14, 4, 6, 2, 11, 13]",402
7,100,100,1.0,0.1,"[9, 1, 0, 3, 10, 7, 5, 12, 8, 14, 4, 6, 2, 11, 13]",402
7,100,100,1.0,0.1,"[9, 1, 0, 3, 10, 7, 5, 12, 8, 14, 4, 6, 2, 11, 13]",402
7,100,100,1.0,0.1,"[9, 1, 0, 3, 10, 7, 5, 12, 8, 14, 4, 6, 2, 11, 13]",402
7,100,100,1.0,0.1,"[9, 1, 0, 3, 10, 7, 5, 12, 8, 14, 4, 6, 2, 11, 13]",402
7,100,100,1.0,0.1,"[9, 1, 0, 3, 10, 7, 5, 12, 8, 14, 4, 6, 2, 11, 13]",402
7,100,100,1.0,0.1,"[9, 1, 0, 3, 10, 7, 5, 12, 8, 14, 4, 6, 2, 11, 13]",402
7,100,100,1.0,0.1,"[9, 1, 0, 3, 10, 7, 5, 12, 8, 14, 4, 6, 2, 11, 13]",402
7,100,100,1.0,0.1,"[9, 1, 0, 3, 10, 7, 5, 12, 8, 14, 4, 6, 2, 11, 13]",402
7,100,100,1.0,0.1,"[9, 1, 0, 3, 10, 7, 5, 12, 8, 14, 4, 6, 2, 11, 13]",402
7,100,100,1.0,0.1,"[9, 1, 0, 3, 10, 7, 5, 12, 8, 14, 4, 6, 2, 11, 13]",402
7,100,100,1.0,0.1,"[9, 1, 0, 3, 10, 7, 5, 12, 14, 8, 4, 6, 2, 11, 13]",394
7,100,100,1.0,0.1,"[3, 10, 7, 5, 9, 1, 0, 12, 8, 14, 4, 6, 2, 11, 13]",379
7,100,100,1.0,0.1,"[3, 10, 7, 5, 9, 1, 0, 12, 8, 14, 4, 6, 2, 11, 13]",379
7,100,100,1.0,0.1,"[3, 10, 7, 5, 9, 1, 0, 12, 8, 14, 4, 6, 2, 11, 13]",379
7,100,100,1.0,0.1,"[3, 10, 7, 5, 9, 1, 0, 12, 8, 14, 4, 6, 2, 11, 13]",379
7,100,100,1.0,0.1,"[3, 10, 7, 5, 9, 1, 0, 12, 8, 14, 4, 6, 2, 11, 13]",379
7,100,100,1.0,0.1,"[3, 10, 7, 5, 9, 1, 0, 12, 8, 14, 4, 6, 2, 11, 13]",379
7,100,100,1.0,0.1,"[3, 10, 7, 5, 9, 1, 0, 12, 8, 14, 4, 6, 2, 11, 13]",379
7,100,100,1.0,0.1,"[3, 10, 7, 5, 9, 1, 0, 12, 8, 14, 4, 6, 2, 11, 13]",379
7,100,100,1.0,0.1,"[3, 10, 7, 5, 9, 1, 0, 12, 8, 14, 4, 6, 2, 11, 13]",379
7,100,100,1.0,0.1,"[3, 10, 7, 5, 9, 1, 0, 12, 8, 14, 4, 6, 2, 11, 13]",379
7,100,100,1.0,0.1,"[3, 10, 7, 5, 9, 1, 0, 12, 8, 14, 4, 6, 2, 11, 13]",379
7,100,100,1.0,0.1,"[3, 10, 7, 5, 9, 1, 0, 12, 8, 14, 4, 6, 2, 11, 13]",379
7,100,100,1.0,0.1,"[3, 10, 7, 5, 9, 1, 0, 12, 8, 14, 4, 6, 2, 11, 13]",379
7,100,100,1.0,0.1,"[3, 10, 7, 5, 9, 1, 0, 12, 8, 14, 4, 6, 2, 11, 13]",379
7,100,100,1.0,0.1,"[3, 10, 7, 5, 9, 1, 0, 12, 8, 14, 4, 6, 2, 11, 13]",379
7,100,100,1.0,0.1,"[3, 10, 7, 5, 9, 1, 0, 12, 8, 14, 4, 6, 2, 11, 13]",379
7,100,100,1.0,0.1,"[3, 10, 7, 5, 9, 1, 0, 12, 8, 14, 4, 6, 2, 11, 13]",379
7,100,100,1.0,0.1,"[3, 10, 7, 5, 9, 1, 0, 12, 8, 14, 4, 6, 2, 11, 13]",379
7,100,100,1.0,0.1,"[3, 10, 7, 5, 9, 1, 0, 12, 8, 14, 4, 6, 2, 11, 13]",379
7,100,100,1.0,0.1,"[3, 10, 7, 5, 9, 1, 0, 12, 8, 14, 4, 6, 2, 11, 13]",379
7,100,100,1.0,0.1,"[3, 10, 7, 5, 9, 1, 0, 12, 8, 14, 4, 6, 2, 11, 13]",379
7,100,100,1.0,0.1,"[3, 10, 7, 5, 9, 1, 0, 12, 8, 14, 4, 6, 2, 11, 13]",379
7,100,100,1.0,0.1,"[3, 10, 7, 5, 9, 1, 0, 12, 8, 14, 4, 6, 2, 11, 13]",379
7,100,100,1.0,0.1,"[10, 7, 5, 9, 1, 0, 12, 8, 14, 4, 6, 2, 11, 13, 3]",379
7,100,100,1.0,0.1,"[10, 7, 5, 9, 1, 0, 12, 8, 14, 4, 6, 2, 11, 13, 3]",379
7,100,100,1.0,0.1,"[10, 7, 5, 9, 1, 0, 12, 8, 14, 4, 6, 2, 11, 13, 3]",379
7,100,100,1.0,0.1,"[10, 7, 5, 9, 1, 0, 12, 8, 14, 4, 6, 2, 11, 13, 3]",379
7,100,100,1.0,0.1,"[10, 7, 5, 9, 1, 0, 12, 8, 14, 4, 6, 2, 11, 13, 3]",379
7,100,100,1.0,0.1,"[10, 7, 5, 9, 1, 0, 12, 8, 14, 4, 6, 2, 11, 13, 3]",379
7,100,100,1.0,0.1,"[10, 7, 5, 9, 1, 0, 12, 8, 14, 4, 6, 2, 11, 13, 3]",379
7,100,100,1.0,0.1,"[10, 7, 5, 9, 1, 0, 12, 8, 14, 4, 6, 2, 11, 13, 3]",379
7,100,100,1.0,0.1,"[10, 7, 5, 9, 1, 0, 12, 8, 14, 4, 6, 2, 11, 13, 3]",379
7,100,100,1.0,0.1,"[10, 7, 5, 9, 1, 0, 12, 8, 14, 4, 6, 2, 11, 13, 3]",379
7,100,100,1.0,0.1,"[12, 0, 3, 5, 10, 7, 9, 8, 14, 4, 6, 2, 11, 13, 1]",373
7,100,100,1.0,0.1,"[12, 0, 3, 5, 10, 7, 9, 8, 14, 4, 6, 2, 11, 13, 1]",373
7,100,100,1.0,0.1,"[12, 0, 3, 5, 10, 7, 9, 8, 14, 4, 6, 2, 11, 13, 1]",373
7,100,100,1.0,0.1,"[12, 0, 3, 5, 10, 7, 9, 8, 14, 4, 6, 2, 11, 13, 1]",373
7,100,100,1.0,0.1,"[12, 0, 3, 5, 10, 7, 9, 8, 14, 4, 6, 2, 11, 13, 1]",373
7,100,100,1.0,0.1,"[12, 0, 3, 5, 10, 7, 9, 8, 14, 4, 6, 2, 11, 13, 1]",373
8,100,100,1.0,0.1,"[6, 8, 5, 3, 10, 0, 7, 13, 4, 11, 2, 9, 12, 1, 14]",495
8,100,100,1.0,0.1,"[6, 8, 5, 3, 10, 0, 7, 13, 4, 11, 2, 9, 12, 1, 14]",495
8,100,100,1.0,0.1,"[6, 8, 5, 3, 10, 0, 7, 13, 4, 11, 2, 9, 12, 1, 14]",495
8,100,100,1.0,0.1,"[6, 8, 5, 3, 10, 0, 7, 13, 4, 11, 2, 9, 12, 1, 14]",495
8,100,100,1.0,0.1,"[6, 8, 5, 3, 10, 0, 7, 13, 4, 11, 2, 9, 12, 1, 14]",495
8,100,100,1.0,0.1,"[6, 8, 5, 3, 10, 0, 7, 13, 4, 11, 2, 9, 12, 1, 14]",495
8,100,100,1.0,0.1,"[0, 1, 12, 7, 5, 3, 11, 6, 14, 4, 8, 13, 9, 2, 10]",487
8,100,100,1.0,0.1,"[0, 1, 12, 7, 5, 3, 11, 6, 14, 4, 8, 13, 9, 2, 10]",487
8,100,100,1.0,0.1,"[0, 1, 12, 7, 5, 3, 13, 6, 8, 4, 14, 11, 9, 2, 10]",480
8,100,100,1.0,0.1,"[0, 1, 12, 7, 5, 3, 13, 6, 8, 4, 14, 11, 9, 2, 10]",480
8,100,100,1.0,0.1,"[0, 12, 1, 7, 5, 3, 13, 14, 8, 4, 6, 11, 9, 2, 10]",447
8,100,100,1.0,0.1,"[0, 12, 1, 7, 5, 3, 13, 14, 8, 4, 6, 11, 9, 2, 10]",447
8,100,100,1.0,0.1,"[0, 12, 1, 7, 5, 3, 13, 14, 8, 4, 6, 11, 9, 2, 10]",447
8,100,100,1.0,0.1,"[0, 12, 1, 7, 5, 3, 13, 14, 8, 4, 6, 11, 9, 2, 10]",447
8,100,100,1.0,0.1,"[0, 12, 1, 7, 5, 3, 13, 14, 8, 4, 6, 11, 9, 2, 10]",447
8,100,100,1.0,0.1,"[0, 12, 1, 7, 5, 3, 13, 14, 8, 4, 6, 11, 9, 2, 10]",447
8,100,100,1.0,0.1,"[0, 12, 1, 7, 5, 3, 13, 14, 8, 4, 6, 11, 9, 2, 10]",447
8,100,100,1.0,0.1,"[0, 12, 1, 7, 5, 3, 13, 14, 8, 4, 6, 11, 9, 2, 10]",447
8,100,100,1.0,0.1,"[0, 12, 1, 7, 5, 3, 13, 14, 8, 4, 6, 11, 9, 2, 10]",447
8,100,100,1.0,0.1,"[0, 12, 1, 7, 5, 3, 13, 14, 8, 4, 6, 11, 9, 2, 10]",447
8,100,100,1.0,0.1,"[0, 12, 1, 7, 5, 3, 13, 14, 8, 4, 6, 11, 9, 2, 10]",447
8,100,100,1.0,0.1,"[0, 12, 1, 7, 5, 3, 13, 14, 8, 4, 6, 11, 9, 2, 10]",447
8,100,100,1.0,0.1,"[0, 12, 1, 7, 5, 3, 13, 14, 8, 4, 6, 11, 9, 2, 10]",447
8,100,100,1.0,0.1,"[0, 12, 1, 7, 5, 3, 13, 14, 8, 4, 6, 11, 9, 2, 10]",447
8,100,100,1.0,0.1,"[0, 12, 1, 7, 5, 3, 13, 14, 8, 4, 6, 11, 9, 2, 10]",447
8,100,100,1.0,0.1,"[0, 12, 1, 7, 5, 3, 13, 14, 8, 4, 6, 11, 9, 2, 10]",447
8,100,100,1.0,0.1,"[0, 12, 1, 7, 5, 3, 13, 14, 8, 4, 6, 11, 9, 2, 10]",447
8,100,100,1.0,0.1,"[0, 12, 1, 7, 5, 3, 13, 14, 8, 4, 6, 11, 9, 2, 10]",447
8,100,100,1.0,0.1,"[0, 12, 1, 7, 5, 3, 13, 14, 8, 4, 6, 11, 9, 2, 10]",447
8,100,100,1.0,0.1,"[0, 12, 1, 7, 5, 3, 13, 14, 8, 4, 6, 11, 9, 2, 10]",447
8,100,100,1.0,0.1,"[0, 12, 1, 7, 5, 3, 13, 14, 8, 4, 6, 11, 9, 2, 10]",447
8,100,100,1.0,0.1,"[0, 12, 1, 7, 5, 3, 13, 14, 8, 4, 6, 11, 9, 2, 10]",447
8,100,100,1.0,0.1,"[0, 12, 1, 7, 5, 3, 13, 14, 8, 4, 6, 11, 9, 2, 10]",447
8,100,100,1.0,0.1,"[0, 12, 1, 7, 5, 3, 13, 14, 8, 4, 6, 11, 9, 2, 10]",447
8,100,100,1.0,0.1,"[0, 12, 1, 7, 5, 3, 13, 14, 8, 4, 6, 11, 9, 2, 10]",447
8,100,100,1.0,0.1,"[0, 12, 1, 7, 5, 3, 13, 14, 8, 4, 6, 11, 9, 2, 10]",447
8,100,100,1.0,0.1,"[0, 12, 1, 7, 5, 3, 13, 14, 8, 4, 6, 11, 9, 2, 10]",447
8,100,100,1.0,0.1,"[0, 12, 1, 7, 5, 3, 13, 14, 8, 4, 6, 11, 9, 2, 10]",447
8,100,100,1.0,0.1,"[0, 12, 1, 7, 5, 3, 13, 14, 8, 4, 6, 11, 9, 2, 10]",447
8,100,100,1.0,0.1,"[0, 12, 1, 7, 5, 3, 13, 14, 8, 4, 6, 11, 9, 2, 10]",447
8,100,100,1.0,0.1,"[0, 12, 1, 7, 5, 3, 13, 14, 8, 4, 6, 11, 9, 2, 10]",447
8,100,100,1.0,0.1,"[0, 12, 1, 7, 5, 3, 13, 14, 8, 4, 6, 11, 9, 2, 10]",447
8,100,100,1.0,0.1,"[0, 12, 1, 7, 5, 3, 13, 14, 8, 4, 6, 11, 9, 2, 10]",447
8,100,100,1.0,0.1,"[0, 12, 1, 7, 5, 3, 13, 14, 8, 4, 6, 11, 9, 2, 10]",447
8,100,100,1.0,0.1,"[0, 12, 1, 7, 5, 3, 13, 14, 8, 4, 6, 11, 9, 2, 10]",447
8,100,100,1.0,0.1,"[0, 12, 1, 7, 5, 3, 13, 14, 8, 4, 6, 11, 9, 2, 10]",447
8,100,100,1.0,0.1,"[0, 12, 1, 7, 5, 3, 13, 14, 8, 4, 6, 11, 9, 2, 10]",447
8,100,100,1.0,0.1,"[0, 12, 1, 7, 5, 3, 13, 14, 8, 4, 6, 11, 9, 2, 10]",447
8,100,100,1.0,0.1,"[0, 12, 1, 7, 5, 3, 13, 14, 8, 4, 6, 11, 9, 2, 10]",447
8,100,100,1.0,0.1,"[0, 12, 1, 7, 5, 3, 13, 14, 8, 4, 6, 11, 9, 2, 10]",447
8,100,100,1.0,0.1,"[0, 12, 1, 7, 5, 3, 13, 14, 8, 4, 6, 11, 9, 2, 10]",447
8,100,100,1.0,0.1,"[0, 7, 14, 9, 13, 11, 6, 2, 8, 4, 12, 1, 5, 3, 10]",437
8,100,100,1.0,0.1,"[0, 7, 14, 9, 13, 11, 6, 2, 8, 4, 12, 1, 5, 3, 10]",437
8,100,100,1.0,0.1,"[0, 7, 14, 9, 13, 11, 6, 2, 8, 4, 12, 1, 5, 3, 10]",437
8,100,100,1.0,0.1,"[0, 7, 14, 9, 13, 11, 6, 2, 8, 4, 12, 1, 5, 3, 10]",437
8,100,100,1.0,0.1,"[0, 7, 14, 9, 13, 11, 6, 2, 8, 4, 12, 1, 5, 3, 10]",437
8,100,100,1.0,0.1,"[0, 7, 14, 9, 13, 11, 6, 2, 8, 4, 12, 1, 5, 3, 10]",437
8,100,100,1.0,0.1,"[0, 7, 14, 9, 13, 11, 6, 2, 8, 4, 12, 1, 5, 3, 10]",437
8,100,100,1.0,0.1,"[0, 7, 14, 9, 13, 11, 6, 2, 8, 4, 12, 1, 5, 3, 10]",437
8,100,100,1.0,0.1,"[0, 7, 14, 9, 13, 11, 6, 2, 8, 4, 12, 1, 5, 3, 10]",437
8,100,100,1.0,0.1,"[14, 9, 2, 13, 11, 6, 8, 4, 12, 1, 5, 3, 10, 0, 7]",433
8,100,100,1.0,0.1,"[14, 9, 2, 13, 11, 6, 8, 4, 12, 1, 5, 3, 10, 0, 7]",433
8,100,100,1.0,0.1,"[14, 9, 2, 13, 11, 6, 8, 4, 12, 1, 5, 3, 10, 0, 7]",433
8,100,100,1.0,0.1,"[14, 9, 2, 13, 11, 6, 8, 4, 12, 1, 5, 3, 10, 0, 7]",433
8,100,100,1.0,0.1,"[14, 9, 2, 13, 11, 6, 8, 4, 12, 1, 5, 3, 10, 0, 7]",433
8,100,100,1.0,0.1,"[14, 9, 2, 13, 11, 6, 8, 4, 12, 1, 5, 3, 10, 0, 7]",433
8,100,100,1.0,0.1,"[14, 9, 2, 13, 11, 6, 8, 4, 12, 1, 5, 3, 10, 0, 7]",433
8,100,100,1.0,0.1,"[14, 9, 2, 13, 11, 6, 8, 4, 12, 1, 5, 3, 10, 0, 7]",433
8,100,100,1.0,0.1,"[14, 9, 2, 13, 11, 6, 8, 4, 12, 1, 5, 3, 10, 0, 7]",433
8,100,100,1.0,0.1,"[14, 9, 2, 13, 11, 6, 8, 4, 12, 1, 5, 3, 10, 0, 7]",433
8,100,100,1.0,0.1,"[14, 9, 2, 13, 11, 6, 8, 4, 12, 1, 5, 3, 10, 0, 7]",433
8,100,100,1.0,0.1,"[14, 9, 2, 13, 11, 6, 8, 4, 12, 1, 5, 3, 10, 0, 7]",433
8,100,100,1.0,0.1,"[14, 9, 2, 13, 11, 6, 8, 4, 12, 1, 5, 3, 10, 0, 7]",433
8,100,100,1.0,0.1,"[14, 9, 2, 13, 11, 6, 8, 4, 12, 1, 5, 3, 10, 0, 7]",433
8,100,100,1.0,0.1,"[14, 9, 2, 13, 11, 6, 8, 4, 12, 1, 5, 3, 10, 0, 7]",433
8,100,100,1.0,0.1,"[14, 9, 2, 13, 11, 6, 8, 4, 12, 1, 5, 3, 10, 0, 7]",433
8,100,100,1.0,0.1,"[14, 9, 2, 13, 11, 6, 8, 4, 12, 1, 5, 3, 10, 0, 7]",433
8,100,100,1.0,0.1,"[14, 9, 2, 13, 11, 6, 8, 4, 12, 1, 5, 3, 10, 0, 7]",433
8,100,100,1.0,0.1,"[14, 9, 2, 13, 11, 6, 8, 4, 12, 1, 5, 3, 10, 0, 7]",433
8,100,100,1.0,0.1,"[14, 9, 2, 13, 11, 6, 8, 4, 12, 1, 5, 3, 10, 0, 7]",433
8,100,100,1.0,0.1,"[14, 9, 2, 13, 11, 6, 8, 4, 12, 1, 5, 3, 10, 0, 7]",433
8,100,100,1.0,0.1,"[14, 9, 2, 13, 11, 6, 8, 4, 12, 1, 5, 3, 10, 0, 7]",433
8,100,100,1.0,0.1,"[14, 9, 2, 13, 11, 6, 8, 4, 12, 1, 5, 3, 10, 0, 7]",433
8,100,100,1.0,0.1,"[14, 9, 2, 13, 11, 6, 8, 4, 12, 1, 5, 3, 10, 0, 7]",433
8,100,100,1.0,0.1,"[2, 6, 8, 4, 12, 1, 5, 13, 11, 9, 7, 3, 10, 0, 14]",421
8,100,100,1.0,0.1,"[2, 6, 8, 4, 12, 1, 5, 13, 11, 9, 7, 3, 10, 0, 14]",421
8,100,100,1.0,0.1,"[2, 6, 8, 4, 12, 1, 5, 13, 11, 9, 7, 3, 10, 0, 14]",421
8,100,100,1.0,0.1,"[2, 6, 8, 4, 12, 1, 5, 13, 11, 9, 7, 3, 10, 0, 14]",421
8,100,100,1.0,0.1,"[2, 6, 8, 4, 12, 1, 5, 13, 11, 9, 7, 3, 10, 0, 14]",421
8,100,100,1.0,0.1,"[2, 6, 8, 4, 12, 1, 5, 13, 11, 9, 7, 3, 10, 0, 14]",421
8,100,100,1.0,0.1,"[2, 6, 8, 4, 12, 1, 5, 13, 11, 9, 7, 3, 10, 0, 14]",421
8,100,100,1.0,0.1,"[2, 6, 8, 4, 12, 1, 5, 13, 11, 9, 7, 3, 10, 0, 14]",421
8,100,100,1.0,0.1,"[2, 6, 8, 4, 12, 1, 5, 13, 11, 9, 7, 3, 10, 0, 14]",421
8,100,100,1.0,0.1,"[2, 6, 8, 4, 12, 1, 5, 13, 11, 9, 7, 3, 10, 0, 14]",421
8,100,100,1.0,0.1,"[2, 6, 8, 4, 12, 1, 5, 13, 11, 9, 7, 3, 10, 0, 14]",421
8,100,100,1.0,0.1,"[2, 6, 8, 4, 12, 1, 5, 13, 11, 9, 7, 3, 10, 0, 14]",421
8,100,100,1.0,0.1,"[2, 6, 8, 4, 12, 1, 5, 13, 11, 9, 7, 3, 10, 0, 14]",421
8,100,100,1.0,0.1,"[2, 6, 8, 4, 12, 1, 5, 13, 11, 9, 7, 3, 10, 0, 14]",421
8,100,100,1.0,0.1,"[2, 6, 8, 4, 12, 1, 5, 13, 11, 9, 7, 3, 10, 0, 14]",421
8,100,100,1.0,0.1,"[2, 6, 8, 4, 12, 1, 5, 13, 11, 9, 7, 3, 10, 0, 14]",421
9,100,100,1.0,0.1,"[7, 9, 2, 11, 12, 1, 5, 13, 10, 0, 3, 14, 8, 6, 4]",516
9,100,100,1.0,0.1,"[13, 11, 4, 5, 3, 9, 7, 8, 1, 12, 10, 0, 14, 6, 2]",486
9,100,100,1.0,0.1,"[13, 11, 4, 5, 3, 9, 7, 8, 1, 12, 10, 0, 14, 6, 2]",486
9,100,100,1.0,0.1,"[13, 11, 4, 5, 3, 9, 7, 8, 1, 12, 10, 0, 14, 6, 2]",486
9,100,100,1.0,0.1,"[13, 11, 4, 5, 3, 9, 7, 8, 1, 12, 10, 0, 14, 6, 2]",486
9,100,100,1.0,0.1,"[13, 9, 8, 12, 11, 3, 5, 7, 10, 0, 1, 14, 4, 6, 2]",447
9,100,100,1.0,0.1,"[13, 9, 8, 12, 11, 3, 5, 7, 10, 0, 1, 14, 4, 6, 2]",447
9,100,100,1.0,0.1,"[13, 9, 8, 12, 11, 3, 5, 7, 10, 0, 1, 14, 4, 6, 2]",447
9,100,100,1.0,0.1,"[13, 9, 8, 12, 11, 3, 5, 7, 10, 0, 1, 14, 4, 6, 2]",447
9,100,100,1.0,0.1,"[13, 9, 8, 12, 11, 3, 5, 7, 10, 0, 1, 14, 4, 6, 2]",447
9,100,100,1.0,0.1,"[13, 9, 8, 12, 11, 3, 5, 7, 10, 0, 1, 14, 4, 6, 2]",447
9,100,100,1.0,0.1,"[13, 9, 8, 12, 11, 3, 5, 7, 10, 0, 1, 14, 4, 6, 2]",447
9,100,100,1.0,0.1,"[13, 9, 8, 12, 11, 3, 5, 7, 10, 0, 1, 14, 4, 6, 2]",447
9,100,100,1.0,0.1,"[13, 9, 8, 12, 11, 3, 5, 7, 10, 0, 1, 14, 4, 6, 2]",447
9,100,100,1.0,0.1,"[13, 9, 8, 12, 11, 3, 5, 7, 10, 0, 1, 14, 4, 6, 2]",447
9,100,100,1.0,0.1,"[13, 9, 8, 12, 11, 3, 5, 7, 10, 0, 1, 14, 4, 6, 2]",447
9,100,100,1.0,0.1,"[13, 9, 8, 12, 11, 3, 5, 7, 10, 0, 1, 14, 4, 6, 2]",447
9,100,100,1.0,0.1,"[13, 9, 8, 12, 11, 3, 5, 7, 10, 0, 1, 14, 4, 6, 2]",447
9,100,100,1.0,0.1,"[13, 9, 8, 12, 11, 3, 5, 7, 10, 0, 1, 14, 4, 6, 2]",447
9,100,100,1.0,0.1,"[13, 9, 8, 12, 11, 3, 5, 7, 10, 0, 1, 14, 4, 6, 2]",447
9,100,100,1.0,0.1,"[13, 9, 8, 12, 11, 3, 5, 7, 10, 0, 1, 14, 4, 6, 2]",447
9,100,100,1.0,0.1,"[13, 9, 8, 12, 11, 3, 5, 7, 10, 0, 1, 14, 4, 6, 2]",447
9,100,100,1.0,0.1,"[13, 9, 8, 12, 11, 3, 5, 7, 10, 0, 1, 14, 4, 6, 2]",447
9,100,100,1.0,0.1,"[13, 9, 8, 12, 11, 3, 5, 7, 10, 0, 1, 14, 4, 6, 2]",447
9,100,100,1.0,0.1,"[13, 9, 8, 12, 11, 3, 5, 7, 10, 0, 1, 14, 4, 6, 2]",447
9,100,100,1.0,0.1,"[11, 12, 3, 5, 7, 10, 0, 1, 14, 4, 6, 8, 9, 2, 13]",435
9,100,100,1.0,0.1,"[11, 12, 3, 5, 7, 10, 0, 1, 14, 4, 6, 8, 9, 2, 13]",435
9,100,100,1.0,0.1,"[11, 12, 3, 5, 7, 10, 0, 1, 14, 4, 6, 8, 9, 2, 13]",435
9,100,100,1.0,0.1,"[11, 12, 3, 5, 7, 10, 0, 1, 14, 4, 6, 8, 9, 2, 13]",435
9,100,100,1.0,0.1,"[11, 12, 3, 5, 7, 10, 0, 1, 14, 4, 6, 8, 9, 2, 13]",435
9,100,100,1.0,0.1,"[11, 12, 3, 5, 7, 10, 0, 1, 14, 4, 6, 8, 9, 2, 13]",435
9,100,100,1.0,0.1,"[11, 12, 3, 5, 7, 10, 0, 1, 14, 4, 6, 8, 9, 2, 13]",435
9,100,100,1.0,0.1,"[13, 11, 3, 7, 9, 1, 5, 10, 0, 12, 14, 8, 6, 4, 2]",424
9,100,100,1.0,0.1,"[13, 11, 3, 7, 9, 1, 5, 10, 0, 12, 14, 8, 6, 4, 2]",424
9,100,100,1.0,0.1,"[13, 11, 3, 7, 9, 1, 5, 10, 0, 12, 14, 8, 6, 4, 2]",424
9,100,100,1.0,0.1,"[13, 11, 3, 7, 9, 1, 5, 10, 0, 12, 14, 8, 6, 4, 2]",424
9,100,100,1.0,0.1,"[13, 11, 3, 7, 9, 1, 5, 10, 0, 12, 14, 8, 6, 4, 2]",424
9,100,100,1.0,0.1,"[13, 11, 3, 7, 9, 1, 5, 10, 0, 12, 14, 8, 6, 4, 2]",424
9,100,100,1.0,0.1,"[13, 11, 3, 7, 9, 1, 5, 10, 0, 12, 14, 8, 6, 4, 2]",424
9,100,100,1.0,0.1,"[13, 11, 3, 7, 9, 1, 5, 10, 0, 12, 14, 8, 6, 4, 2]",424
9,100,100,1.0,0.1,"[13, 11, 3, 7, 9, 1, 5, 10, 0, 12, 14, 8, 6, 4, 2]",424
9,100,100,1.0,0.1,"[13, 11, 3, 7, 9, 1, 5, 10, 0, 12, 14, 8, 6, 4, 2]",424
9,100,100,1.0,0.1,"[13, 11, 3, 7, 9, 1, 5, 10, 0, 12, 14, 8, 6, 4, 2]",424
9,100,100,1.0,0.1,"[13, 11, 3, 7, 9, 1, 5, 10, 0, 12, 14, 8, 6, 4, 2]",424
9,100,100,1.0,0.1,"[13, 11, 3, 7, 9, 1, 5, 10, 0, 12, 14, 8, 6, 4, 2]",424
9,100,100,1.0,0.1,"[13, 11, 3, 7, 9, 1, 5, 10, 0, 12, 14, 8, 6, 4, 2]",424
9,100,100,1.0,0.1,"[13, 11, 3, 7, 9, 1, 5, 10, 0, 12, 14, 8, 6, 4, 2]",424
9,100,100,1.0,0.1,"[13, 11, 3, 7, 9, 1, 5, 10, 0, 12, 14, 8, 6, 4, 2]",424
9,100,100,1.0,0.1,"[13, 11, 3, 7, 9, 1, 5, 10, 0, 12, 14, 8, 6, 4, 2]",424
9,100,100,1.0,0.1,"[13, 11, 3, 7, 9, 1, 5, 10, 0, 12, 14, 8, 6, 4, 2]",424
9,100,100,1.0,0.1,"[13, 11, 3, 7, 9, 1, 5, 10, 0, 12, 14, 8, 6, 4, 2]",424
9,100,100,1.0,0.1,"[13, 11, 3, 7, 9, 1, 5, 10, 0, 12, 14, 8, 6, 4, 2]",424
9,100,100,1.0,0.1,"[13, 11, 3, 7, 9, 1, 5, 10, 0, 12, 14, 8, 6, 4, 2]",424
9,100,100,1.0,0.1,"[13, 11, 3, 7, 9, 1, 5, 10, 0, 12, 14, 8, 6, 4, 2]",424
9,100,100,1.0,0.1,"[13, 11, 3, 7, 9, 1, 5, 10, 0, 12, 14, 8, 6, 4, 2]",424
9,100,100,1.0,0.1,"[13, 11, 3, 7, 9, 1, 5, 10, 0, 12, 14, 8, 6, 4, 2]",424
9,100,100,1.0,0.1,"[13, 11, 3, 7, 9, 1, 5, 10, 0, 12, 14, 8, 6, 4, 2]",424
9,100,100,1.0,0.1,"[13, 11, 3, 7, 9, 1, 5, 10, 0, 12, 14, 8, 6, 4, 2]",424
9,100,100,1.0,0.1,"[13, 11, 3, 7, 9, 1, 5, 10, 0, 12, 14, 8, 6, 4, 2]",424
9,100,100,1.0,0.1,"[13, 11, 3, 7, 9, 1, 5, 10, 0, 12, 14, 8, 6, 4, 2]",424
9,100,100,1.0,0.1,"[13, 11, 3, 7, 9, 1, 5, 10, 0, 12, 14, 8, 6, 4, 2]",424
9,100,100,1.0,0.1,"[13, 11, 3, 7, 9, 1, 5, 10, 0, 12, 14, 8, 6, 4, 2]",424
9,100,100,1.0,0.1,"[13, 11, 3, 7, 9, 1, 5, 10, 0, 12, 14, 8, 6, 4, 2]",424
9,100,100,1.0,0.1,"[13, 11, 3, 7, 9, 1, 5, 10, 0, 12, 14, 8, 6, 4, 2]",424
9,100,100,1.0,0.1,"[13, 11, 3, 7, 9, 1, 5, 10, 0, 12, 14, 8, 6, 4, 2]",424
9,100,100,1.0,0.1,"[13, 11, 3, 7, 9, 1, 5, 10, 0, 12, 14, 8, 6, 4, 2]",424
9,100,100,1.0,0.1,"[13, 11, 3, 7, 9, 1, 5, 10, 0, 12, 14, 8, 6, 4, 2]",424
9,100,100,1.0,0.1,"[13, 11, 3, 7, 9, 1, 5, 10, 0, 12, 14, 8, 6, 4, 2]",424
9,100,100,1.0,0.1,"[13, 11, 3, 7, 9, 1, 5, 10, 0, 12, 14, 8, 6, 4, 2]",424
9,100,100,1.0,0.1,"[13, 11, 3, 7, 9, 1, 5, 10, 0, 12, 14, 8, 6, 4, 2]",424
9,100,100,1.0,0.1,"[13, 11, 3, 7, 9, 1, 5, 10, 0, 12, 14, 8, 6, 4, 2]",424
9,100,100,1.0,0.1,"[13, 11, 3, 7, 9, 1, 5, 10, 0, 12, 14, 8, 6, 4, 2]",424
9,100,100,1.0,0.1,"[13, 11, 3, 7, 9, 1, 5, 10, 0, 12, 14, 8, 6, 4, 2]",424
9,100,100,1.0,0.1,"[13, 11, 3, 7, 9, 1, 5, 10, 0, 12, 14, 8, 6, 4, 2]",424
9,100,100,1.0,0.1,"[13, 11, 3, 7, 9, 1, 5, 10, 0, 12, 14, 8, 6, 4, 2]",424
9,100,100,1.0,0.1,"[13, 11, 3, 7, 9, 1, 5, 10, 0, 12, 14, 8, 6, 4, 2]",424
9,100,100,1.0,0.1,"[13, 11, 3, 7, 9, 1, 5, 10, 0, 12, 14, 8, 6, 4, 2]",424
9,100,100,1.0,0.1,"[13, 11, 3, 7, 9, 1, 5, 10, 0, 12, 14, 8, 6, 4, 2]",424
9,100,100,1.0,0.1,"[13, 11, 3, 7, 9, 1, 5, 10, 0, 12, 14, 8, 6, 4, 2]",424
9,100,100,1.0,0.1,"[13, 11, 3, 7, 9, 1, 5, 10, 0, 12, 14, 8, 6, 4, 2]",424
9,100,100,1.0,0.1,"[13, 11, 3, 7, 9, 1, 5, 10, 0, 12, 14, 8, 6, 4, 2]",424
9,100,100,1.0,0.1,"[13, 11, 3, 7, 9, 1, 5, 10, 0, 12, 14, 8, 6, 4, 2]",424
9,100,100,1.0,0.1,"[13, 11, 3, 7, 9, 1, 5, 10, 0, 12, 14, 8, 6, 4, 2]",424
9,100,100,1.0,0.1,"[13, 11, 7, 9, 1, 5, 10, 3, 0, 12, 14, 8, 6, 4, 2]",413
9,100,100,1.0,0.1,"[13, 11, 7, 9, 1, 5, 10, 3, 0, 12, 14, 8, 6, 4, 2]",413
9,100,100,1.0,0.1,"[13, 11, 7, 9, 1, 5, 10, 3, 0, 12, 14, 8, 6, 4, 2]",413
9,100,100,1.0,0.1,"[13, 11, 7, 9, 1, 5, 10, 3, 0, 12, 14, 8, 6, 4, 2]",413
9,100,100,1.0,0.1,"[13, 11, 7, 9, 1, 5, 10, 3, 0, 12, 14, 8, 6, 4, 2]",413
9,100,100,1.0,0.1,"[13, 11, 7, 9, 1, 5, 10, 3, 0, 12, 14, 8, 6, 4, 2]",413
9,100,100,1.0,0.1,"[13, 11, 7, 9, 1, 5, 10, 3, 0, 12, 14, 8, 6, 4, 2]",413
9,100,100,1.0,0.1,"[13, 11, 7, 9, 1, 5, 10, 3, 0, 12, 14, 8, 6, 4, 2]",413
9,100,100,1.0,0.1,"[13, 11, 7, 9, 1, 5, 10, 3, 0, 12, 14, 8, 6, 4, 2]",413
9,100,100,1.0,0.1,"[13, 11, 7, 9, 1, 5, 10, 3, 0, 12, 14, 8, 6, 4, 2]",413
9,100,100,1.0,0.1,"[13, 11, 7, 9, 1, 5, 10, 3, 0, 12, 14, 8, 6, 4, 2]",413
9,100,100,1.0,0.1,"[13, 11, 7, 9, 1, 5, 10, 3, 0, 12, 14, 8, 6, 4, 2]",413
9,100,100,1.0,0.1,"[13, 11, 7, 9, 1, 5, 10, 3, 0, 12, 14, 8, 6, 4, 2]",413
9,100,100,1.0,0.1,"[13, 11, 7, 9, 1, 5, 10, 3, 0, 12, 14, 8, 6, 4, 2]",413
9,100,100,1.0,0.1,"[13, 11, 7, 9, 1, 5, 10, 3, 0, 12, 14, 8, 6, 4, 2]",413
9,100,100,1.0,0.1,"[13, 11, 7, 9, 1, 5, 10, 3, 0, 12, 14, 8, 6, 4, 2]",413
9,100,100,1.0,0.1,"[13, 11, 7, 9, 1, 5, 10, 3, 0, 12, 14, 8, 6, 4, 2]",413
